,item_id,total_cost,category
0,FOODS_1_001,0.4146268492068438,FOODS
1,FOODS_1_002,0.32541947690517864,FOODS
2,FOODS_1_003,4.759070420630712,FOODS
3,FOODS_1_004,21.23778662328136,FOODS
4,FOODS_1_005,1.725201878815067,FOODS
5,FOODS_1_006,5.691466666798399,FOODS
6,FOODS_1_008,0.06294425442175752,FOODS
7,FOODS_1_009,1.5471663842251453,FOODS
8,FOODS_1_010,6.174379062094605,FOODS
9,FOODS_1_011,8.129353643404318,FOODS
10,FOODS_1_012,5.828275052742525,FOODS
11,FOODS_1_013,0.3756016438784514,FOODS
12,FOODS_1_014,0.37861046027150946,FOODS
13,FOODS_1_015,2.4269791629592756,FOODS
14,FOODS_1_016,0.0401514805757963,FOODS
15,FOODS_1_017,8.597460996503711,FOODS
16,FOODS_1_018,7.9049273720696664,FOODS
17,FOODS_1_019,1.9162377081092978,FOODS
18,FOODS_1_020,7.087080498253189,FOODS
19,FOODS_1_021,4.389132825850987,FOODS
20,FOODS_1_022,0.514288203852575,FOODS
21,FOODS_1_023,3.672562650166233,FOODS
22,FOODS_1_024,0.08191146063611532,FOODS
23,FOODS_1_025,0.07693018488116658,FOODS
24,FOODS_1_026,0.1592730277786363,FOODS
25,FOODS_1_027,0.036820317033153645,FOODS
26,FOODS_1_028,2.2037434694091114,FOODS
27,FOODS_1_029,5.70776991120108,FOODS
28,FOODS_1_030,0.050429176592511823,FOODS
29,FOODS_1_031,13.942964643018595,FOODS
30,FOODS_1_032,6.504740226470468,FOODS
31,FOODS_1_033,13.02031476610654,FOODS
32,FOODS_1_034,2.9260238071981015,FOODS
33,FOODS_1_035,8.069253179689271,FOODS
34,FOODS_1_036,0.03366411508039774,FOODS
35,FOODS_1_037,0.8439109451099682,FOODS
36,FOODS_1_038,4.900199555835361,FOODS
37,FOODS_1_039,0.048313425091584476,FOODS
38,FOODS_1_040,0.7736066619748063,FOODS
39,FOODS_1_041,0.05940694936284547,FOODS
40,FOODS_1_042,2.6796027671565947,FOODS
41,FOODS_1_043,0.9193898883533311,FOODS
42,FOODS_1_044,3.2798273973834156,FOODS
43,FOODS_1_045,2.1847953191829514,FOODS
44,FOODS_1_046,0.06458224099956845,FOODS
45,FOODS_1_047,9.444438557561748,FOODS
46,FOODS_1_048,0.08350374583719021,FOODS
47,FOODS_1_049,4.515771858758827,FOODS
48,FOODS_1_050,2.206146254289373,FOODS
49,FOODS_1_051,0.08517078746251112,FOODS
50,FOODS_1_052,0.31505843264039973,FOODS
51,FOODS_1_053,0.07655374276412967,FOODS
52,FOODS_1_054,1.4963462973924393,FOODS
53,FOODS_1_055,0.5837950840161034,FOODS
54,FOODS_1_056,0.6830767563728704,FOODS
55,FOODS_1_057,0.04384981980505122,FOODS
56,FOODS_1_058,6.422788505432528,FOODS
57,FOODS_1_059,4.380359861226647,FOODS
58,FOODS_1_060,0.04148587762833268,FOODS
59,FOODS_1_061,11.233057797524092,FOODS
60,FOODS_1_062,0.06176180399288015,FOODS
61,FOODS_1_063,0.03995251678630832,FOODS
62,FOODS_1_064,1.374012344340426,FOODS
63,FOODS_1_065,8.256157896727757,FOODS
64,FOODS_1_066,5.706210994388785,FOODS
65,FOODS_1_067,4.0848411495424095,FOODS
66,FOODS_1_068,0.06022097302060468,FOODS
67,FOODS_1_069,5.510282389096012,FOODS
68,FOODS_1_070,0.020541606855153507,FOODS
69,FOODS_1_071,1.4163924471595177,FOODS
70,FOODS_1_072,0.0751627557789199,FOODS
71,FOODS_1_073,1.662332938962189,FOODS
72,FOODS_1_074,0.8942960312324622,FOODS
73,FOODS_1_075,0.0656712516334375,FOODS
74,FOODS_1_076,0.44054900302942407,FOODS
75,FOODS_1_077,0.9771724069534646,FOODS
76,FOODS_1_078,0.05898221562632773,FOODS
77,FOODS_1_079,0.05136696740628517,FOODS
78,FOODS_1_080,4.770056192543232,FOODS
79,FOODS_1_081,7.933824959403498,FOODS
80,FOODS_1_082,2.2848223244805506,FOODS
81,FOODS_1_083,6.23071077528592,FOODS
82,FOODS_1_084,0.1747509172687234,FOODS
83,FOODS_1_085,9.960488608924727,FOODS
84,FOODS_1_086,8.299279844105977,FOODS
85,FOODS_1_087,23.305813964845157,FOODS
86,FOODS_1_088,0.1477719393854036,FOODS
87,FOODS_1_089,0.06055633929456736,FOODS
88,FOODS_1_090,2.2561281537792945,FOODS
89,FOODS_1_091,0.5423403119488075,FOODS
90,FOODS_1_092,2.097459179626398,FOODS
91,FOODS_1_093,0.760622804381037,FOODS
92,FOODS_1_094,0.3474611825135381,FOODS
93,FOODS_1_095,0.040389161111715914,FOODS
94,FOODS_1_096,0.07370637649889819,FOODS
95,FOODS_1_097,0.37221071159667424,FOODS
96,FOODS_1_098,17.540601131781884,FOODS
97,FOODS_1_099,12.998104932831199,FOODS
98,FOODS_1_101,0.712703280449957,FOODS
99,FOODS_1_102,0.034019064917341336,FOODS
100,FOODS_1_103,3.988079804652451,FOODS
101,FOODS_1_104,0.1318490965044885,FOODS
102,FOODS_1_105,0.03634432369155589,FOODS
103,FOODS_1_106,6.544648952958613,FOODS
104,FOODS_1_107,0.05655603469084364,FOODS
105,FOODS_1_108,1.7737113976571612,FOODS
106,FOODS_1_109,5.251649625020299,FOODS
107,FOODS_1_110,0.9690974818775988,FOODS
108,FOODS_1_111,6.90952008617672,FOODS
109,FOODS_1_112,9.94750519932822,FOODS
110,FOODS_1_113,1.3459657526122761,FOODS
111,FOODS_1_114,5.671337747874646,FOODS
112,FOODS_1_115,0.06378523890836509,FOODS
113,FOODS_1_116,6.790643593302139,FOODS
114,FOODS_1_117,4.453200139832223,FOODS
115,FOODS_1_118,1.279187521807728,FOODS
116,FOODS_1_119,1.112054678393095,FOODS
117,FOODS_1_120,0.05749142982867524,FOODS
118,FOODS_1_121,1.1182602540982214,FOODS
119,FOODS_1_122,0.04536299770949081,FOODS
120,FOODS_1_123,2.533638605890129,FOODS
121,FOODS_1_124,8.021926870122178,FOODS
122,FOODS_1_125,0.0756555443369895,FOODS
123,FOODS_1_126,0.49699223177460017,FOODS
124,FOODS_1_127,0.560757552126006,FOODS
125,FOODS_1_128,0.09027348215083274,FOODS
126,FOODS_1_129,2.4153669611574986,FOODS
127,FOODS_1_130,4.683260019730166,FOODS
128,FOODS_1_131,0.0908272392695969,FOODS
129,FOODS_1_132,0.034040637392781535,FOODS
130,FOODS_1_133,0.049204483671522366,FOODS
131,FOODS_1_134,0.5139846299096152,FOODS
132,FOODS_1_135,6.428062241619386,FOODS
133,FOODS_1_136,0.08566937656771656,FOODS
134,FOODS_1_137,0.09033624791480929,FOODS
135,FOODS_1_138,7.955683972918964,FOODS
136,FOODS_1_139,1.9557043661596416,FOODS
137,FOODS_1_140,0.15043909417950038,FOODS
138,FOODS_1_141,3.1483579838780904,FOODS
139,FOODS_1_142,1.2509290781654443,FOODS
140,FOODS_1_143,13.164297521248457,FOODS
141,FOODS_1_144,11.388431139979145,FOODS
142,FOODS_1_145,0.7826293682542818,FOODS
143,FOODS_1_146,2.872570012385534,FOODS
144,FOODS_1_147,1.3123044779754356,FOODS
145,FOODS_1_148,0.06930487949493892,FOODS
146,FOODS_1_149,0.310586025748689,FOODS
147,FOODS_1_150,1.3127569713734353,FOODS
148,FOODS_1_151,2.9757375598207076,FOODS
149,FOODS_1_152,0.19166404882986118,FOODS
150,FOODS_1_153,0.6089917417204231,FOODS
151,FOODS_1_154,0.0942777450226609,FOODS
152,FOODS_1_155,2.214498219872873,FOODS
153,FOODS_1_156,3.1539066905019366,FOODS
154,FOODS_1_157,6.98449554637267,FOODS
155,FOODS_1_158,0.18340331066851553,FOODS
156,FOODS_1_159,6.691070035755643,FOODS
157,FOODS_1_160,0.041747111341669633,FOODS
158,FOODS_1_161,2.5026811839603154,FOODS
159,FOODS_1_162,0.26946517676837506,FOODS
160,FOODS_1_163,0.28614112530471647,FOODS
161,FOODS_1_164,0.07432822173377228,FOODS
162,FOODS_1_166,25.693353370283624,FOODS
163,FOODS_1_167,0.08691232861929948,FOODS
164,FOODS_1_168,0.04915049966951721,FOODS
165,FOODS_1_169,9.39597696821784,FOODS
166,FOODS_1_170,0.10625156398825385,FOODS
167,FOODS_1_171,19.055609013001735,FOODS
168,FOODS_1_172,7.11732831709951,FOODS
169,FOODS_1_173,0.16582626244211374,FOODS
170,FOODS_1_174,4.5750551017836765,FOODS
171,FOODS_1_175,0.05327181262761406,FOODS
172,FOODS_1_176,9.689066985360801,FOODS
173,FOODS_1_177,0.1697253132541641,FOODS
174,FOODS_1_178,0.13596681639746158,FOODS
175,FOODS_1_179,1.9675291188394086,FOODS
176,FOODS_1_180,5.87647178301058,FOODS
177,FOODS_1_181,0.3733310231192497,FOODS
178,FOODS_1_182,0.04915492377632277,FOODS
179,FOODS_1_183,1.4865277873304439,FOODS
180,FOODS_1_184,7.005924787673184,FOODS
181,FOODS_1_185,0.43647819727446024,FOODS
182,FOODS_1_186,1.4204438215787283,FOODS
183,FOODS_1_187,2.211386808411314,FOODS
184,FOODS_1_188,0.32920673477198326,FOODS
185,FOODS_1_189,0.05640990359415314,FOODS
186,FOODS_1_190,0.0391180892635058,FOODS
187,FOODS_1_191,0.08580172739025513,FOODS
188,FOODS_1_192,1.5734012899435488,FOODS
189,FOODS_1_193,0.16624697062176091,FOODS
190,FOODS_1_194,15.96105652377376,FOODS
191,FOODS_1_195,0.7161893138425199,FOODS
192,FOODS_1_196,4.671811443892322,FOODS
193,FOODS_1_197,0.07880749982181819,FOODS
194,FOODS_1_198,4.565955218696996,FOODS
195,FOODS_1_199,19.528171244045318,FOODS
196,FOODS_1_200,1.1833622747444432,FOODS
197,FOODS_1_201,10.772111904622045,FOODS
198,FOODS_1_202,0.2552683569819742,FOODS
199,FOODS_1_203,3.0551490176355656,FOODS
200,FOODS_1_204,0.04035815677510748,FOODS
201,FOODS_1_205,1.5909553639697926,FOODS
202,FOODS_1_206,0.7119646142354451,FOODS
203,FOODS_1_207,2.164692955562152,FOODS
204,FOODS_1_208,1.7091755137302183,FOODS
205,FOODS_1_209,0.7453596988948231,FOODS
206,FOODS_1_210,4.15239248612971,FOODS
207,FOODS_1_211,0.7781787553233837,FOODS
208,FOODS_1_212,5.933175998319698,FOODS
209,FOODS_1_213,0.7689791257096144,FOODS
210,FOODS_1_214,5.6286596243435945,FOODS
211,FOODS_1_215,0.03648347757256985,FOODS
212,FOODS_1_216,1.6033836487799953,FOODS
213,FOODS_1_217,0.19451634131000703,FOODS
214,FOODS_1_218,6.623406971478032,FOODS
215,FOODS_1_219,25.155303919295783,FOODS
216,FOODS_2_001,5.0145569756503985,FOODS
217,FOODS_2_002,1.485159038779414,FOODS
218,FOODS_2_003,1.529795636429122,FOODS
219,FOODS_2_004,0.08291604430415123,FOODS
220,FOODS_2_005,0.059110399617031927,FOODS
221,FOODS_2_006,9.668314362705885,FOODS
222,FOODS_2_007,0.6136863785173081,FOODS
223,FOODS_2_008,3.0726715722114557,FOODS
224,FOODS_2_009,1.4445899024054112,FOODS
225,FOODS_2_010,1.8938664400844998,FOODS
226,FOODS_2_011,0.03772151869455335,FOODS
227,FOODS_2_012,1.7115723829553313,FOODS
228,FOODS_2_013,1.5554039689480421,FOODS
229,FOODS_2_014,0.09178943871109334,FOODS
230,FOODS_2_015,10.449796458823396,FOODS
231,FOODS_2_016,16.081193175470467,FOODS
232,FOODS_2_017,0.5602199207760181,FOODS
233,FOODS_2_018,16.42485961248755,FOODS
234,FOODS_2_019,31.950283219585963,FOODS
235,FOODS_2_020,0.051396585781392806,FOODS
236,FOODS_2_021,0.0298177427817472,FOODS
237,FOODS_2_022,2.967327348423639,FOODS
238,FOODS_2_023,3.9718133939684983,FOODS
239,FOODS_2_024,3.90657185387853,FOODS
240,FOODS_2_025,0.07262840078644116,FOODS
241,FOODS_2_026,7.179271575275637,FOODS
242,FOODS_2_027,0.08457686981969205,FOODS
243,FOODS_2_028,0.0567106758526199,FOODS
244,FOODS_2_029,0.6326412889463596,FOODS
245,FOODS_2_030,4.373328587120856,FOODS
246,FOODS_2_031,1.0644350185168827,FOODS
247,FOODS_2_032,0.0362755130371163,FOODS
248,FOODS_2_033,0.09150617725706528,FOODS
249,FOODS_2_034,8.412635771983217,FOODS
250,FOODS_2_035,0.13197240335137533,FOODS
251,FOODS_2_036,3.218174680128066,FOODS
252,FOODS_2_037,2.135356158071308,FOODS
253,FOODS_2_038,5.074295624725063,FOODS
254,FOODS_2_039,5.546571436549994,FOODS
255,FOODS_2_040,1.3280310196291552,FOODS
256,FOODS_2_041,7.928502576421779,FOODS
257,FOODS_2_042,0.06678144080174736,FOODS
258,FOODS_2_043,0.04291716965351994,FOODS
259,FOODS_2_044,2.695217249950488,FOODS
260,FOODS_2_045,5.549242660927048,FOODS
261,FOODS_2_046,5.160100914339512,FOODS
262,FOODS_2_047,8.557494451976524,FOODS
263,FOODS_2_048,4.973272684184115,FOODS
264,FOODS_2_049,0.05685271203177796,FOODS
265,FOODS_2_050,0.04463920838606965,FOODS
266,FOODS_2_051,2.529767460485126,FOODS
267,FOODS_2_052,0.1581105856435487,FOODS
268,FOODS_2_053,1.8891862967665092,FOODS
269,FOODS_2_054,13.831894449629395,FOODS
270,FOODS_2_055,2.8262841379699095,FOODS
271,FOODS_2_056,9.269481209835025,FOODS
272,FOODS_2_057,0.943473456712494,FOODS
273,FOODS_2_058,9.480449141188975,FOODS
274,FOODS_2_059,0.2212434747501593,FOODS
275,FOODS_2_060,13.975812815374601,FOODS
276,FOODS_2_061,0.05955768013497276,FOODS
277,FOODS_2_062,0.09398102707730883,FOODS
278,FOODS_2_063,5.6800809314899,FOODS
279,FOODS_2_064,0.03822842774417655,FOODS
280,FOODS_2_065,0.7424114384732832,FOODS
281,FOODS_2_066,1.5355028761471392,FOODS
282,FOODS_2_067,1.6531569268933322,FOODS
283,FOODS_2_068,1.6018914065098884,FOODS
284,FOODS_2_069,5.797966518880087,FOODS
285,FOODS_2_070,4.685984446157607,FOODS
286,FOODS_2_071,0.605795409558107,FOODS
287,FOODS_2_072,0.04181937232757831,FOODS
288,FOODS_2_073,1.6586581727976277,FOODS
289,FOODS_2_074,1.836798806297971,FOODS
290,FOODS_2_075,0.1521733443224608,FOODS
291,FOODS_2_076,1.8563592376032931,FOODS
292,FOODS_2_077,16.21334757789272,FOODS
293,FOODS_2_078,0.11489376497185878,FOODS
294,FOODS_2_079,4.304085253991939,FOODS
295,FOODS_2_080,0.08843508041104733,FOODS
296,FOODS_2_081,9.38921396154371,FOODS
297,FOODS_2_082,9.52493843672606,FOODS
298,FOODS_2_083,0.16497887233403,FOODS
299,FOODS_2_084,0.05833064914582299,FOODS
300,FOODS_2_085,0.21529839053936276,FOODS
301,FOODS_2_086,1.537326472176011,FOODS
302,FOODS_2_087,0.13955888775411265,FOODS
303,FOODS_2_088,1.782727029417255,FOODS
304,FOODS_2_089,2.7800222591017234,FOODS
305,FOODS_2_090,10.331625684726012,FOODS
306,FOODS_2_091,4.567820608038044,FOODS
307,FOODS_2_092,0.05785690252676605,FOODS
308,FOODS_2_093,2.1036815585884834,FOODS
309,FOODS_2_094,4.190034911105403,FOODS
310,FOODS_2_095,1.2732465434312978,FOODS
311,FOODS_2_096,0.09006627802810561,FOODS
312,FOODS_2_097,11.515055915857024,FOODS
313,FOODS_2_099,6.835631744750439,FOODS
314,FOODS_2_100,1.4689837044255025,FOODS
315,FOODS_2_101,3.605575246874651,FOODS
316,FOODS_2_102,0.3101470014401707,FOODS
317,FOODS_2_103,0.12246871148839837,FOODS
318,FOODS_2_104,0.11863706202700584,FOODS
319,FOODS_2_105,0.07089723284436479,FOODS
320,FOODS_2_106,0.08167535791516668,FOODS
321,FOODS_2_107,1.4418669594624896,FOODS
322,FOODS_2_108,0.050583584566502054,FOODS
323,FOODS_2_109,4.0984566327801035,FOODS
324,FOODS_2_110,9.575533307349904,FOODS
325,FOODS_2_111,4.1799928894396725,FOODS
326,FOODS_2_112,9.712187166901662,FOODS
327,FOODS_2_113,0.04005391413820546,FOODS
328,FOODS_2_114,0.21793856147975707,FOODS
329,FOODS_2_115,20.89861820810495,FOODS
330,FOODS_2_116,3.2474361563718595,FOODS
331,FOODS_2_117,45.48753874941992,FOODS
332,FOODS_2_118,0.051073608928165114,FOODS
333,FOODS_2_119,1.9176918485646501,FOODS
334,FOODS_2_120,0.8428937681864337,FOODS
335,FOODS_2_121,8.858402504775846,FOODS
336,FOODS_2_122,0.07352230091552486,FOODS
337,FOODS_2_123,0.11373277591649981,FOODS
338,FOODS_2_124,0.0781935203453666,FOODS
339,FOODS_2_125,2.3718468498764613,FOODS
340,FOODS_2_126,2.4758730223074235,FOODS
341,FOODS_2_127,7.837379161279661,FOODS
342,FOODS_2_128,0.02667025587236174,FOODS
343,FOODS_2_129,2.8447153409258688,FOODS
344,FOODS_2_130,3.377271371367839,FOODS
345,FOODS_2_131,0.34180204252176005,FOODS
346,FOODS_2_132,0.040981192542777496,FOODS
347,FOODS_2_133,0.037520258407522065,FOODS
348,FOODS_2_134,15.592029964106906,FOODS
349,FOODS_2_135,10.341767365384856,FOODS
350,FOODS_2_136,4.731046471914826,FOODS
351,FOODS_2_137,4.261450498040955,FOODS
352,FOODS_2_138,6.603558052656744,FOODS
353,FOODS_2_139,7.2111524630521515,FOODS
354,FOODS_2_140,16.035226560065997,FOODS
355,FOODS_2_141,1.940413796794641,FOODS
356,FOODS_2_142,0.0743007779037938,FOODS
357,FOODS_2_143,5.9551058345540175,FOODS
358,FOODS_2_144,0.06763709609690728,FOODS
359,FOODS_2_145,0.9189723177532604,FOODS
360,FOODS_2_146,5.359383933427482,FOODS
361,FOODS_2_147,4.187278086425188,FOODS
362,FOODS_2_148,0.03692603930489299,FOODS
363,FOODS_2_149,0.1941657118770885,FOODS
364,FOODS_2_150,0.10681004575742416,FOODS
365,FOODS_2_151,0.05359415581829428,FOODS
366,FOODS_2_152,1.4256353918917253,FOODS
367,FOODS_2_153,0.10452707687742602,FOODS
368,FOODS_2_154,0.16081275936039183,FOODS
369,FOODS_2_155,0.3026350717212394,FOODS
370,FOODS_2_156,0.49543228826895425,FOODS
371,FOODS_2_157,0.071068321648204,FOODS
372,FOODS_2_158,1.4943786348205608,FOODS
373,FOODS_2_159,1.7561170363768512,FOODS
374,FOODS_2_160,0.041401524132154165,FOODS
375,FOODS_2_161,1.327960471175455,FOODS
376,FOODS_2_162,3.0786499149784556,FOODS
377,FOODS_2_163,0.034948824374863144,FOODS
378,FOODS_2_164,0.08556591525487578,FOODS
379,FOODS_2_165,0.059287282233979624,FOODS
380,FOODS_2_166,0.7090512217052609,FOODS
381,FOODS_2_167,3.18952611243694,FOODS
382,FOODS_2_168,3.8768135975156808,FOODS
383,FOODS_2_169,2.2159954982212247,FOODS
384,FOODS_2_170,0.055270467371234526,FOODS
385,FOODS_2_171,1.9738707809701526,FOODS
386,FOODS_2_172,2.27209888218133,FOODS
387,FOODS_2_173,1.608386554757834,FOODS
388,FOODS_2_174,3.369281869712496,FOODS
389,FOODS_2_175,10.140773593555092,FOODS
390,FOODS_2_176,4.491742381701143,FOODS
391,FOODS_2_177,9.078500127447805,FOODS
392,FOODS_2_178,4.804308924998889,FOODS
393,FOODS_2_179,7.098785785164046,FOODS
394,FOODS_2_180,4.047977600111542,FOODS
395,FOODS_2_181,1.8451878922062142,FOODS
396,FOODS_2_182,1.7018231288698098,FOODS
397,FOODS_2_183,40.93432791980264,FOODS
398,FOODS_2_184,9.01292364759534,FOODS
399,FOODS_2_185,5.25555418953999,FOODS
400,FOODS_2_186,0.2853223305813094,FOODS
401,FOODS_2_187,0.37203944948123097,FOODS
402,FOODS_2_188,0.04710127348476932,FOODS
403,FOODS_2_189,2.9852744517304806,FOODS
404,FOODS_2_190,0.04726346691828379,FOODS
405,FOODS_2_191,2.3387820572602167,FOODS
406,FOODS_2_192,3.8523571562219003,FOODS
407,FOODS_2_193,1.6983984878320013,FOODS
408,FOODS_2_194,0.2261838963338079,FOODS
409,FOODS_2_195,3.0707906137622216,FOODS
410,FOODS_2_196,0.05528893076891174,FOODS
411,FOODS_2_197,16.2853248189552,FOODS
412,FOODS_2_198,13.253954496062033,FOODS
413,FOODS_2_199,6.85330287778152,FOODS
414,FOODS_2_200,5.461859869713193,FOODS
415,FOODS_2_201,2.028171406248533,FOODS
416,FOODS_2_202,1.890601318197932,FOODS
417,FOODS_2_203,15.627392645179272,FOODS
418,FOODS_2_204,7.635296139079496,FOODS
419,FOODS_2_205,0.04888619839277298,FOODS
420,FOODS_2_206,1.8902136433361107,FOODS
421,FOODS_2_207,0.11349567108829514,FOODS
422,FOODS_2_208,9.575818135065575,FOODS
423,FOODS_2_209,48.931078038602216,FOODS
424,FOODS_2_210,4.310528334843034,FOODS
425,FOODS_2_211,0.5288222486029633,FOODS
426,FOODS_2_212,4.248164844613443,FOODS
427,FOODS_2_213,0.057447058640156826,FOODS
428,FOODS_2_214,6.72338549004657,FOODS
429,FOODS_2_215,2.611600664031144,FOODS
430,FOODS_2_216,0.2645359367589723,FOODS
431,FOODS_2_217,0.09308347532526191,FOODS
432,FOODS_2_218,12.892901624485786,FOODS
433,FOODS_2_219,0.047150528827564535,FOODS
434,FOODS_2_220,14.458930743536426,FOODS
435,FOODS_2_221,1.5922002833378357,FOODS
436,FOODS_2_222,4.773570309898725,FOODS
437,FOODS_2_223,1.1165115211932206,FOODS
438,FOODS_2_224,4.841162667460072,FOODS
439,FOODS_2_225,0.981055044544392,FOODS
440,FOODS_2_226,0.9882017588242946,FOODS
441,FOODS_2_227,3.5678176445397676,FOODS
442,FOODS_2_228,0.3552890042359149,FOODS
443,FOODS_2_229,0.03810624945848881,FOODS
444,FOODS_2_230,1.2203150596160717,FOODS
445,FOODS_2_231,0.5176882334752265,FOODS
446,FOODS_2_232,0.03861966844716234,FOODS
447,FOODS_2_233,1.9940174163323166,FOODS
448,FOODS_2_234,0.04704446227254467,FOODS
449,FOODS_2_235,0.041672049910480145,FOODS
450,FOODS_2_236,7.3934182132378,FOODS
451,FOODS_2_237,0.8245819973239993,FOODS
452,FOODS_2_238,7.046261182950054,FOODS
453,FOODS_2_239,0.19398498542163123,FOODS
454,FOODS_2_240,1.6207230938119177,FOODS
455,FOODS_2_241,0.7448169311947578,FOODS
456,FOODS_2_242,0.08501426303570828,FOODS
457,FOODS_2_243,1.7296317772061112,FOODS
458,FOODS_2_244,0.3724084019198309,FOODS
459,FOODS_2_245,0.06881539506941094,FOODS
460,FOODS_2_246,0.05118650670847057,FOODS
461,FOODS_2_247,1.5494858395476612,FOODS
462,FOODS_2_248,30.875120235863783,FOODS
463,FOODS_2_249,0.055349936650771675,FOODS
464,FOODS_2_250,14.256273691268795,FOODS
465,FOODS_2_251,9.384396133694224,FOODS
466,FOODS_2_252,0.058133633169913546,FOODS
467,FOODS_2_253,2.0182414080515163,FOODS
468,FOODS_2_254,0.076934736005382,FOODS
469,FOODS_2_255,0.21606615385815167,FOODS
470,FOODS_2_256,5.996424456401706,FOODS
471,FOODS_2_257,0.9603867222655487,FOODS
472,FOODS_2_258,0.4275815480399401,FOODS
473,FOODS_2_259,0.048868254190219694,FOODS
474,FOODS_2_260,0.04046628463984174,FOODS
475,FOODS_2_261,0.16049069760313847,FOODS
476,FOODS_2_262,5.14523320171257,FOODS
477,FOODS_2_263,2.577867272728389,FOODS
478,FOODS_2_264,0.5325753199739771,FOODS
479,FOODS_2_265,3.055876679288668,FOODS
480,FOODS_2_266,1.7086635506109296,FOODS
481,FOODS_2_267,8.376043096114486,FOODS
482,FOODS_2_268,0.05853861318626796,FOODS
483,FOODS_2_269,0.04094851905343244,FOODS
484,FOODS_2_270,0.06997414453195465,FOODS
485,FOODS_2_271,0.21868284659327755,FOODS
486,FOODS_2_272,4.27552373588805,FOODS
487,FOODS_2_273,0.044832864585205814,FOODS
488,FOODS_2_274,9.959986158287673,FOODS
489,FOODS_2_275,9.587797150430536,FOODS
490,FOODS_2_276,0.3077175050922733,FOODS
491,FOODS_2_277,1.174346856999891,FOODS
492,FOODS_2_278,0.7057844970489061,FOODS
493,FOODS_2_279,4.706405820280088,FOODS
494,FOODS_2_280,8.834022662344909,FOODS
495,FOODS_2_281,0.09325741105510713,FOODS
496,FOODS_2_282,0.1805145061955747,FOODS
497,FOODS_2_283,3.867931723023249,FOODS
498,FOODS_2_284,0.31368311678772864,FOODS
499,FOODS_2_285,0.10356560794749169,FOODS
500,FOODS_2_286,3.3537689774638113,FOODS
501,FOODS_2_287,3.3424182180765603,FOODS
502,FOODS_2_288,0.04832221223406826,FOODS
503,FOODS_2_289,3.7444111183800994,FOODS
504,FOODS_2_290,2.5959309020284627,FOODS
505,FOODS_2_291,4.79972340222702,FOODS
506,FOODS_2_292,2.49431968627365,FOODS
507,FOODS_2_293,2.3481127066756824,FOODS
508,FOODS_2_294,10.652973150923378,FOODS
509,FOODS_2_295,0.1655704923477498,FOODS
510,FOODS_2_296,0.1636112603154889,FOODS
511,FOODS_2_297,0.41203226051596176,FOODS
512,FOODS_2_298,0.16861900453601927,FOODS
513,FOODS_2_299,1.886597984979739,FOODS
514,FOODS_2_300,1.4220063076407952,FOODS
515,FOODS_2_301,4.009861205804192,FOODS
516,FOODS_2_302,0.8265868550281069,FOODS
517,FOODS_2_303,4.5006839311507845,FOODS
518,FOODS_2_304,0.3400209897156615,FOODS
519,FOODS_2_305,0.2236616865415989,FOODS
520,FOODS_2_306,0.09190674178580636,FOODS
521,FOODS_2_307,0.09837942705294567,FOODS
522,FOODS_2_308,4.440609529063055,FOODS
523,FOODS_2_309,0.6988482380121334,FOODS
524,FOODS_2_310,0.05889230749208544,FOODS
525,FOODS_2_311,4.431529915184962,FOODS
526,FOODS_2_312,0.09532885562301652,FOODS
527,FOODS_2_313,0.10016307210536095,FOODS
528,FOODS_2_314,1.833181813855437,FOODS
529,FOODS_2_315,2.424758562579817,FOODS
530,FOODS_2_316,0.2765986865012407,FOODS
531,FOODS_2_317,0.17278770559458456,FOODS
532,FOODS_2_318,3.7007412044116217,FOODS
533,FOODS_2_319,0.052441123601097116,FOODS
534,FOODS_2_320,2.627482803416156,FOODS
535,FOODS_2_321,0.0695047238233398,FOODS
536,FOODS_2_322,0.046676898976437675,FOODS
537,FOODS_2_323,2.3208936768677733,FOODS
538,FOODS_2_324,3.9928666961047563,FOODS
539,FOODS_2_325,5.2002959380887095,FOODS
540,FOODS_2_326,4.051838469709749,FOODS
541,FOODS_2_327,5.077672365333938,FOODS
542,FOODS_2_328,3.831497257394496,FOODS
543,FOODS_2_329,0.35966305187754904,FOODS
544,FOODS_2_330,1.6973034490872445,FOODS
545,FOODS_2_331,0.03655804283934823,FOODS
546,FOODS_2_332,4.2208936350245745,FOODS
547,FOODS_2_333,0.47300285960863564,FOODS
548,FOODS_2_334,11.603002214621553,FOODS
549,FOODS_2_335,3.9140743593562126,FOODS
550,FOODS_2_336,1.4052221862602037,FOODS
551,FOODS_2_337,0.44295417426732336,FOODS
552,FOODS_2_338,2.4919187629360535,FOODS
553,FOODS_2_339,0.4593450759313388,FOODS
554,FOODS_2_340,4.134221035734788,FOODS
555,FOODS_2_341,0.6479840969320556,FOODS
556,FOODS_2_342,7.574998174736038,FOODS
557,FOODS_2_343,0.0629810061221539,FOODS
558,FOODS_2_344,0.05872964740765556,FOODS
559,FOODS_2_345,0.13186442742118637,FOODS
560,FOODS_2_346,4.995322347562868,FOODS
561,FOODS_2_347,16.569567391787267,FOODS
562,FOODS_2_348,0.16395444787031185,FOODS
563,FOODS_2_349,3.131349559894959,FOODS
564,FOODS_2_350,0.06550421591048011,FOODS
565,FOODS_2_351,2.1406749686426667,FOODS
566,FOODS_2_352,185.0943775663693,FOODS
567,FOODS_2_353,7.728218902767807,FOODS
568,FOODS_2_354,0.06868939541522899,FOODS
569,FOODS_2_355,2.316137462198084,FOODS
570,FOODS_2_356,1.4846373393856291,FOODS
571,FOODS_2_357,2.4034236740151416,FOODS
572,FOODS_2_358,0.03960039037013845,FOODS
573,FOODS_2_359,7.182316776348125,FOODS
574,FOODS_2_360,0.02834392258292837,FOODS
575,FOODS_2_361,0.07088094167694373,FOODS
576,FOODS_2_362,0.08388348466622167,FOODS
577,FOODS_2_363,12.150826976654086,FOODS
578,FOODS_2_364,4.955745084042815,FOODS
579,FOODS_2_365,0.13872278509674782,FOODS
580,FOODS_2_366,0.045205668988305914,FOODS
581,FOODS_2_367,6.021667916506167,FOODS
582,FOODS_2_368,0.26698629618796993,FOODS
583,FOODS_2_369,3.0778198536195576,FOODS
584,FOODS_2_370,0.10135927392605912,FOODS
585,FOODS_2_371,5.673546862355365,FOODS
586,FOODS_2_372,8.686461985328135,FOODS
587,FOODS_2_373,9.375120829688619,FOODS
588,FOODS_2_374,3.2699666788900097,FOODS
589,FOODS_2_375,0.6284478559499336,FOODS
590,FOODS_2_376,0.062106570320717175,FOODS
591,FOODS_2_377,2.620643802165416,FOODS
592,FOODS_2_378,0.06789453735874133,FOODS
593,FOODS_2_379,29.53470789342592,FOODS
594,FOODS_2_380,1.0142918661304137,FOODS
595,FOODS_2_381,6.848827727692328,FOODS
596,FOODS_2_382,0.13356828503375595,FOODS
597,FOODS_2_383,0.7318903906727829,FOODS
598,FOODS_2_384,5.121056387174578,FOODS
599,FOODS_2_385,4.2782710623886295,FOODS
600,FOODS_2_386,0.04637841367886226,FOODS
601,FOODS_2_387,0.15131315600587605,FOODS
602,FOODS_2_388,3.9087259613858536,FOODS
603,FOODS_2_389,0.16595097333672582,FOODS
604,FOODS_2_390,0.10069964969224895,FOODS
605,FOODS_2_391,0.1504864612715933,FOODS
606,FOODS_2_392,0.0835955707629145,FOODS
607,FOODS_2_393,0.6712458309900768,FOODS
608,FOODS_2_394,1.699675740748975,FOODS
609,FOODS_2_395,0.058832310082793764,FOODS
610,FOODS_2_396,1.2965557197488813,FOODS
611,FOODS_2_397,0.05333886428489624,FOODS
612,FOODS_2_398,9.169629286329146,FOODS
613,FOODS_2_399,4.6330239046978345,FOODS
614,FOODS_3_001,0.08987291643177156,FOODS
615,FOODS_3_002,3.8418309934439696,FOODS
616,FOODS_3_003,0.05992390759190448,FOODS
617,FOODS_3_004,18.377737670644102,FOODS
618,FOODS_3_005,0.04215075174556984,FOODS
619,FOODS_3_006,0.9903252772116661,FOODS
620,FOODS_3_007,3.239182678286211,FOODS
621,FOODS_3_008,16.6853945327376,FOODS
622,FOODS_3_009,2.6880168119554826,FOODS
623,FOODS_3_010,0.0515305105246482,FOODS
624,FOODS_3_011,1.0527868762258408,FOODS
625,FOODS_3_012,0.07964005735451359,FOODS
626,FOODS_3_013,0.0762888941635216,FOODS
627,FOODS_3_014,0.8145992667304504,FOODS
628,FOODS_3_015,0.15414500939182135,FOODS
629,FOODS_3_016,3.9533991887261886,FOODS
630,FOODS_3_017,0.027054547211173462,FOODS
631,FOODS_3_018,4.090356335562331,FOODS
632,FOODS_3_019,2.1386042780946632,FOODS
633,FOODS_3_020,2.92268615748899,FOODS
634,FOODS_3_021,3.38893666980514,FOODS
635,FOODS_3_022,0.8702696896711563,FOODS
636,FOODS_3_023,1.135857658909533,FOODS
637,FOODS_3_024,0.42499566675571926,FOODS
638,FOODS_3_025,0.062377673425446735,FOODS
639,FOODS_3_026,4.8220377793609295,FOODS
640,FOODS_3_027,0.9051181089782587,FOODS
641,FOODS_3_028,2.7062864682561836,FOODS
642,FOODS_3_029,3.8318698922731325,FOODS
643,FOODS_3_030,0.0574200534693105,FOODS
644,FOODS_3_031,3.9143085364456125,FOODS
645,FOODS_3_032,1.6974439155989494,FOODS
646,FOODS_3_033,1.096336978231374,FOODS
647,FOODS_3_034,0.20453407010405952,FOODS
648,FOODS_3_035,0.1008916219728765,FOODS
649,FOODS_3_036,2.9996202487112553,FOODS
650,FOODS_3_037,0.07677125513838523,FOODS
651,FOODS_3_038,0.07766186211636732,FOODS
652,FOODS_3_039,39.481427045997634,FOODS
653,FOODS_3_040,0.03915427786454885,FOODS
654,FOODS_3_041,14.717821292181274,FOODS
655,FOODS_3_042,0.8267949261308142,FOODS
656,FOODS_3_043,0.042065520719342706,FOODS
657,FOODS_3_044,7.8599046681061076,FOODS
658,FOODS_3_045,0.057305528355328234,FOODS
659,FOODS_3_046,5.812033344524135,FOODS
660,FOODS_3_047,0.03915629269525275,FOODS
661,FOODS_3_048,5.09771081463022,FOODS
662,FOODS_3_049,1.82989711184164,FOODS
663,FOODS_3_050,0.5310390822686801,FOODS
664,FOODS_3_051,2.3548753704793364,FOODS
665,FOODS_3_053,7.568569187574913,FOODS
666,FOODS_3_054,0.04033537288977283,FOODS
667,FOODS_3_055,0.047063030499738694,FOODS
668,FOODS_3_056,0.24912318115713358,FOODS
669,FOODS_3_057,0.09724286080010269,FOODS
670,FOODS_3_058,10.437849236556694,FOODS
671,FOODS_3_059,13.545333327120856,FOODS
672,FOODS_3_060,3.6307380274018373,FOODS
673,FOODS_3_061,0.4252490429949978,FOODS
674,FOODS_3_062,1.2035122294799112,FOODS
675,FOODS_3_063,0.6006888041599301,FOODS
676,FOODS_3_064,5.669908274258723,FOODS
677,FOODS_3_065,0.07532824417248019,FOODS
678,FOODS_3_066,0.16224338341551475,FOODS
679,FOODS_3_067,0.4187560952636533,FOODS
680,FOODS_3_068,2.1837298844568376,FOODS
681,FOODS_3_069,0.1909856315694743,FOODS
682,FOODS_3_070,5.280987427827829,FOODS
683,FOODS_3_071,1.2380118438752437,FOODS
684,FOODS_3_072,0.06193172169177531,FOODS
685,FOODS_3_073,0.33740491659730176,FOODS
686,FOODS_3_074,4.728885565967971,FOODS
687,FOODS_3_075,0.6920007459148629,FOODS
688,FOODS_3_076,0.675648630732962,FOODS
689,FOODS_3_077,1.097166157782084,FOODS
690,FOODS_3_078,1.1644721027557887,FOODS
691,FOODS_3_079,0.07867723254459047,FOODS
692,FOODS_3_080,17.530424623251772,FOODS
693,FOODS_3_081,0.07622577738910326,FOODS
694,FOODS_3_082,0.04203391193240271,FOODS
695,FOODS_3_083,21.09698703250195,FOODS
696,FOODS_3_084,0.4365612354896409,FOODS
697,FOODS_3_085,2.8061584103640884,FOODS
698,FOODS_3_086,0.09066746591341887,FOODS
699,FOODS_3_087,9.951952864790215,FOODS
700,FOODS_3_088,0.3514286696281176,FOODS
701,FOODS_3_089,1.2327833009907123,FOODS
702,FOODS_3_090,145.22207374643347,FOODS
703,FOODS_3_091,2.832068797841542,FOODS
704,FOODS_3_092,17.12629654640435,FOODS
705,FOODS_3_093,11.176388862908153,FOODS
706,FOODS_3_094,3.3618999932339264,FOODS
707,FOODS_3_095,0.12750967735245755,FOODS
708,FOODS_3_096,9.893374210711093,FOODS
709,FOODS_3_097,0.1291840996640334,FOODS
710,FOODS_3_098,0.11136474764629554,FOODS
711,FOODS_3_099,33.38300660981953,FOODS
712,FOODS_3_100,2.4510536050024747,FOODS
713,FOODS_3_101,1.7799102232954207,FOODS
714,FOODS_3_102,5.730462649534321,FOODS
715,FOODS_3_103,2.6769587633634093,FOODS
716,FOODS_3_104,1.5135196659047658,FOODS
717,FOODS_3_105,2.1956413636651977,FOODS
718,FOODS_3_106,0.19212480203263568,FOODS
719,FOODS_3_107,5.062584630625071,FOODS
720,FOODS_3_108,2.119822574342684,FOODS
721,FOODS_3_109,0.5340152981051293,FOODS
722,FOODS_3_110,0.3950363746053353,FOODS
723,FOODS_3_111,0.16961665393081088,FOODS
724,FOODS_3_112,3.4929325183786424,FOODS
725,FOODS_3_113,10.618562424546239,FOODS
726,FOODS_3_114,0.06307712053186647,FOODS
727,FOODS_3_115,8.649053576145063,FOODS
728,FOODS_3_116,0.6575022267509043,FOODS
729,FOODS_3_117,17.961356783073008,FOODS
730,FOODS_3_118,3.0244694884268473,FOODS
731,FOODS_3_119,6.5413436166819166,FOODS
732,FOODS_3_120,31.637942858840795,FOODS
733,FOODS_3_121,9.46275529140402,FOODS
734,FOODS_3_122,2.0455781941971902,FOODS
735,FOODS_3_123,0.045664622026118505,FOODS
736,FOODS_3_124,6.315897703862163,FOODS
737,FOODS_3_125,0.08466856889384852,FOODS
738,FOODS_3_126,3.7717199070345013,FOODS
739,FOODS_3_127,0.13434745076318508,FOODS
740,FOODS_3_128,0.04415632744045863,FOODS
741,FOODS_3_129,16.07330116321019,FOODS
742,FOODS_3_130,0.0610313023390763,FOODS
743,FOODS_3_131,2.717677136755498,FOODS
744,FOODS_3_132,0.9337121010681633,FOODS
745,FOODS_3_133,1.813412345572982,FOODS
746,FOODS_3_134,4.605256767510998,FOODS
747,FOODS_3_135,0.06619596793031263,FOODS
748,FOODS_3_136,7.552051174104883,FOODS
749,FOODS_3_137,0.046835219357524965,FOODS
750,FOODS_3_138,5.223271474206995,FOODS
751,FOODS_3_139,9.549982018628782,FOODS
752,FOODS_3_140,0.09030460832612304,FOODS
753,FOODS_3_141,1.9747805860031393,FOODS
754,FOODS_3_142,3.650772181946865,FOODS
755,FOODS_3_143,0.8917553980415978,FOODS
756,FOODS_3_144,0.057379565257995535,FOODS
757,FOODS_3_145,0.33950676086480536,FOODS
758,FOODS_3_146,0.7587696690214487,FOODS
759,FOODS_3_147,0.05555611647253625,FOODS
760,FOODS_3_148,4.365697787867089,FOODS
761,FOODS_3_149,3.388417713104348,FOODS
762,FOODS_3_150,54.18628383457327,FOODS
763,FOODS_3_151,4.256471564962795,FOODS
764,FOODS_3_152,5.755797785161656,FOODS
765,FOODS_3_153,0.03279645784308306,FOODS
766,FOODS_3_154,0.045468044175297644,FOODS
767,FOODS_3_155,2.760417946251945,FOODS
768,FOODS_3_156,9.287008327894082,FOODS
769,FOODS_3_157,5.290583994833084,FOODS
770,FOODS_3_158,12.116115297625205,FOODS
771,FOODS_3_159,0.041259376891924736,FOODS
772,FOODS_3_160,0.048131536640968996,FOODS
773,FOODS_3_161,0.308550837880335,FOODS
774,FOODS_3_162,2.7005168845924685,FOODS
775,FOODS_3_163,13.516930543947067,FOODS
776,FOODS_3_164,0.06277435585922762,FOODS
777,FOODS_3_165,2.0301504439305442,FOODS
778,FOODS_3_166,0.05436373217736314,FOODS
779,FOODS_3_167,1.064109660051034,FOODS
780,FOODS_3_168,2.7648626806154346,FOODS
781,FOODS_3_169,9.491751146288317,FOODS
782,FOODS_3_170,0.876830765706338,FOODS
783,FOODS_3_171,0.04045500892707009,FOODS
784,FOODS_3_172,1.297438801129671,FOODS
785,FOODS_3_173,2.06991696477661,FOODS
786,FOODS_3_174,28.26763652941381,FOODS
787,FOODS_3_175,14.878715047262967,FOODS
788,FOODS_3_176,3.571730103158873,FOODS
789,FOODS_3_177,3.5093027606018556,FOODS
790,FOODS_3_178,5.125715850511963,FOODS
791,FOODS_3_179,0.11940725796054723,FOODS
792,FOODS_3_180,3.4459914031738097,FOODS
793,FOODS_3_181,4.131401798166471,FOODS
794,FOODS_3_182,0.6594090126458158,FOODS
795,FOODS_3_183,6.145813050401958,FOODS
796,FOODS_3_184,0.08352670188910788,FOODS
797,FOODS_3_185,4.50476522546779,FOODS
798,FOODS_3_186,0.03668719817853683,FOODS
799,FOODS_3_187,3.052631350102309,FOODS
800,FOODS_3_188,1.6003013136762778,FOODS
801,FOODS_3_189,2.3963600135261007,FOODS
802,FOODS_3_190,4.010297964057599,FOODS
803,FOODS_3_191,0.02045227999519295,FOODS
804,FOODS_3_192,3.0892273104047105,FOODS
805,FOODS_3_193,1.5226067280927602,FOODS
806,FOODS_3_194,0.6530619953767075,FOODS
807,FOODS_3_195,0.06154418706584781,FOODS
808,FOODS_3_196,0.08756047300547831,FOODS
809,FOODS_3_197,2.006880967971828,FOODS
810,FOODS_3_198,0.08183793623230255,FOODS
811,FOODS_3_199,0.04736409605046914,FOODS
812,FOODS_3_200,0.03705140996730055,FOODS
813,FOODS_3_201,11.730655347732846,FOODS
814,FOODS_3_202,26.915204340071103,FOODS
815,FOODS_3_203,6.969034843691459,FOODS
816,FOODS_3_204,0.03974263430087005,FOODS
817,FOODS_3_205,9.580769413636688,FOODS
818,FOODS_3_206,0.06080884521521313,FOODS
819,FOODS_3_207,6.624233416375175,FOODS
820,FOODS_3_208,5.098936979055126,FOODS
821,FOODS_3_209,1.970502220724958,FOODS
822,FOODS_3_210,0.19041440537639123,FOODS
823,FOODS_3_211,0.1303220116528984,FOODS
824,FOODS_3_212,6.08666467160113,FOODS
825,FOODS_3_213,2.4875722235675415,FOODS
826,FOODS_3_214,1.536509983381551,FOODS
827,FOODS_3_215,1.7910256119854662,FOODS
828,FOODS_3_216,0.038896606377906866,FOODS
829,FOODS_3_217,0.11070063909466643,FOODS
830,FOODS_3_218,0.03348309278718391,FOODS
831,FOODS_3_219,0.06264721586696437,FOODS
832,FOODS_3_220,1.60314038438155,FOODS
833,FOODS_3_221,6.194558474169159,FOODS
834,FOODS_3_222,0.7134125631161609,FOODS
835,FOODS_3_223,0.036415267421320764,FOODS
836,FOODS_3_224,0.12438602349365545,FOODS
837,FOODS_3_225,0.2077386604051812,FOODS
838,FOODS_3_226,0.40311861708147956,FOODS
839,FOODS_3_227,14.791865846242642,FOODS
840,FOODS_3_228,3.8441553642735258,FOODS
841,FOODS_3_229,0.09454639293760986,FOODS
842,FOODS_3_230,0.1208473650733041,FOODS
843,FOODS_3_231,7.145374974274148,FOODS
844,FOODS_3_232,2.6722577226241637,FOODS
845,FOODS_3_233,0.13179898140713533,FOODS
846,FOODS_3_234,0.8101719519265205,FOODS
847,FOODS_3_235,0.7926922073811073,FOODS
848,FOODS_3_236,0.04763125043814546,FOODS
849,FOODS_3_237,0.7005249386400012,FOODS
850,FOODS_3_238,0.06420553512707258,FOODS
851,FOODS_3_239,0.043539437122014565,FOODS
852,FOODS_3_240,0.5199308531929585,FOODS
853,FOODS_3_241,0.058694356235093316,FOODS
854,FOODS_3_242,9.411569509685934,FOODS
855,FOODS_3_243,0.02749127416786915,FOODS
856,FOODS_3_244,1.1544518982772525,FOODS
857,FOODS_3_245,14.095157999122291,FOODS
858,FOODS_3_246,2.060170862015176,FOODS
859,FOODS_3_247,2.676293386799626,FOODS
860,FOODS_3_248,2.1168434524639212,FOODS
861,FOODS_3_249,0.09364431282684037,FOODS
862,FOODS_3_250,9.816333220563262,FOODS
863,FOODS_3_251,1.9106854277567986,FOODS
864,FOODS_3_252,3.231313330129027,FOODS
865,FOODS_3_253,1.522183745893018,FOODS
866,FOODS_3_254,0.9206669733668157,FOODS
867,FOODS_3_255,0.052499656983245845,FOODS
868,FOODS_3_256,0.710615105957528,FOODS
869,FOODS_3_257,8.520960989436295,FOODS
870,FOODS_3_258,0.06726707106358085,FOODS
871,FOODS_3_259,1.8892446849478226,FOODS
872,FOODS_3_260,1.3921046175528544,FOODS
873,FOODS_3_261,0.07126922574143385,FOODS
874,FOODS_3_262,12.071110903360067,FOODS
875,FOODS_3_263,2.258535541080939,FOODS
876,FOODS_3_264,0.06620895148954169,FOODS
877,FOODS_3_265,1.417879744784477,FOODS
878,FOODS_3_266,0.058236905765094035,FOODS
879,FOODS_3_267,0.05225331965870141,FOODS
880,FOODS_3_268,0.03609988575785613,FOODS
881,FOODS_3_269,0.0709791248046576,FOODS
882,FOODS_3_270,0.21072832138987513,FOODS
883,FOODS_3_271,0.11947105217110006,FOODS
884,FOODS_3_272,4.958461246585176,FOODS
885,FOODS_3_273,12.00391252403313,FOODS
886,FOODS_3_274,5.856870553303924,FOODS
887,FOODS_3_275,0.7064645417983573,FOODS
888,FOODS_3_276,0.3777745642072569,FOODS
889,FOODS_3_277,3.73427301299071,FOODS
890,FOODS_3_278,0.11838770205390904,FOODS
891,FOODS_3_279,8.745591814240733,FOODS
892,FOODS_3_280,0.3053359250069958,FOODS
893,FOODS_3_281,178.21946093223045,FOODS
894,FOODS_3_282,34.522619187890605,FOODS
895,FOODS_3_283,10.611368156435905,FOODS
896,FOODS_3_284,0.025909208100176245,FOODS
897,FOODS_3_285,37.813342075187805,FOODS
898,FOODS_3_286,2.2704354966311286,FOODS
899,FOODS_3_287,4.096612678340255,FOODS
900,FOODS_3_288,2.2606330216182933,FOODS
901,FOODS_3_289,0.8130747614612758,FOODS
902,FOODS_3_290,2.6916495218392216,FOODS
903,FOODS_3_291,10.816515842346979,FOODS
904,FOODS_3_292,32.864053748649965,FOODS
905,FOODS_3_293,0.03216558949270726,FOODS
906,FOODS_3_294,0.05040394185101666,FOODS
907,FOODS_3_295,30.200818404113196,FOODS
908,FOODS_3_296,7.814745375131885,FOODS
909,FOODS_3_297,1.9685440948162023,FOODS
910,FOODS_3_298,35.40394270766285,FOODS
911,FOODS_3_299,0.02825542175970106,FOODS
912,FOODS_3_300,0.14988888159426814,FOODS
913,FOODS_3_301,0.4777011680548729,FOODS
914,FOODS_3_302,10.754727537664479,FOODS
915,FOODS_3_303,1.8092393114910101,FOODS
916,FOODS_3_304,9.46257774232022,FOODS
917,FOODS_3_305,0.07618417704984655,FOODS
918,FOODS_3_306,1.1939143550559843,FOODS
919,FOODS_3_307,26.472629736641938,FOODS
920,FOODS_3_308,0.12705830839552848,FOODS
921,FOODS_3_309,0.18705767088604947,FOODS
922,FOODS_3_310,0.7704232364448056,FOODS
923,FOODS_3_311,17.522987978108905,FOODS
924,FOODS_3_312,3.761329812061424,FOODS
925,FOODS_3_313,0.09657290647769873,FOODS
926,FOODS_3_314,0.04998946788680209,FOODS
927,FOODS_3_315,2.122152954593023,FOODS
928,FOODS_3_316,0.040057893453180976,FOODS
929,FOODS_3_317,9.529050123294398,FOODS
930,FOODS_3_318,0.06361616037723877,FOODS
931,FOODS_3_319,9.731619272420017,FOODS
932,FOODS_3_320,9.074406097563136,FOODS
933,FOODS_3_321,0.5553332472572504,FOODS
934,FOODS_3_322,0.049336245218751185,FOODS
935,FOODS_3_323,1.9461732217790069,FOODS
936,FOODS_3_324,23.79973664855916,FOODS
937,FOODS_3_325,0.04788874388441783,FOODS
938,FOODS_3_326,0.026561194097388493,FOODS
939,FOODS_3_327,4.556097215415678,FOODS
940,FOODS_3_328,1.0923167076310627,FOODS
941,FOODS_3_329,7.291097555422639,FOODS
942,FOODS_3_330,16.181096309102852,FOODS
943,FOODS_3_331,0.03530909196275394,FOODS
944,FOODS_3_332,4.292920347355966,FOODS
945,FOODS_3_333,0.04259746373738823,FOODS
946,FOODS_3_334,0.07631144270295273,FOODS
947,FOODS_3_335,6.344350583930215,FOODS
948,FOODS_3_336,0.046820915510096504,FOODS
949,FOODS_3_337,1.6204432165330287,FOODS
950,FOODS_3_338,3.8217034513779558,FOODS
951,FOODS_3_339,12.754888943319179,FOODS
952,FOODS_3_340,1.4045412781879283,FOODS
953,FOODS_3_341,1.3944889861089003,FOODS
954,FOODS_3_342,53.137273447858945,FOODS
955,FOODS_3_343,0.07325536205515025,FOODS
956,FOODS_3_344,4.235406029610501,FOODS
957,FOODS_3_345,0.04551611184426173,FOODS
958,FOODS_3_346,16.999218309579977,FOODS
959,FOODS_3_347,6.139680015678021,FOODS
960,FOODS_3_348,1.017330127739511,FOODS
961,FOODS_3_349,0.08867701462311092,FOODS
962,FOODS_3_350,0.05555611647253625,FOODS
963,FOODS_3_351,5.897288131437866,FOODS
964,FOODS_3_352,0.059038156955282764,FOODS
965,FOODS_3_353,4.533023250170207,FOODS
966,FOODS_3_354,8.17157176559638,FOODS
967,FOODS_3_355,3.37037025291043,FOODS
968,FOODS_3_356,3.3561992000522216,FOODS
969,FOODS_3_357,0.43674354102329244,FOODS
970,FOODS_3_358,1.7650118080724093,FOODS
971,FOODS_3_359,0.06203726137505164,FOODS
972,FOODS_3_360,0.14355447856214115,FOODS
973,FOODS_3_361,2.332286843227672,FOODS
974,FOODS_3_362,0.2439162330261575,FOODS
975,FOODS_3_363,10.662943002160578,FOODS
976,FOODS_3_364,0.04805120215488244,FOODS
977,FOODS_3_365,24.66991677677662,FOODS
978,FOODS_3_366,5.516144203551406,FOODS
979,FOODS_3_367,9.932154775721363,FOODS
980,FOODS_3_368,3.2273767361002728,FOODS
981,FOODS_3_369,2.067612611189428,FOODS
982,FOODS_3_370,20.865520992890904,FOODS
983,FOODS_3_371,0.553849002252218,FOODS
984,FOODS_3_372,7.30212458715267,FOODS
985,FOODS_3_373,0.04094941736295703,FOODS
986,FOODS_3_374,1.2496813980838852,FOODS
987,FOODS_3_375,0.033110164770999206,FOODS
988,FOODS_3_376,1.6473200516581556,FOODS
989,FOODS_3_377,0.11494034202587289,FOODS
990,FOODS_3_378,3.23247239487658,FOODS
991,FOODS_3_379,5.176244928518564,FOODS
992,FOODS_3_380,0.029510930623202744,FOODS
993,FOODS_3_381,3.001187775312777,FOODS
994,FOODS_3_382,1.5961339331986755,FOODS
995,FOODS_3_383,0.05484789367777197,FOODS
996,FOODS_3_384,3.301887369765195,FOODS
997,FOODS_3_385,0.057261740139411293,FOODS
998,FOODS_3_386,0.06119809484821549,FOODS
999,FOODS_3_387,0.06938785979366682,FOODS
1000,FOODS_3_388,0.08063366617499633,FOODS
1001,FOODS_3_389,1.1528640186170054,FOODS
1002,FOODS_3_390,0.03345515612142742,FOODS
1003,FOODS_3_391,0.04784102287014832,FOODS
1004,FOODS_3_392,4.566506974386178,FOODS
1005,FOODS_3_393,10.526485160850276,FOODS
1006,FOODS_3_394,0.05187793616001712,FOODS
1007,FOODS_3_395,3.9572061664838603,FOODS
1008,FOODS_3_396,1.2790816067182884,FOODS
1009,FOODS_3_397,0.03817165049728837,FOODS
1010,FOODS_3_398,5.163823202694362,FOODS
1011,FOODS_3_399,34.09101492259225,FOODS
1012,FOODS_3_400,0.09093571679335943,FOODS
1013,FOODS_3_401,2.078380319628464,FOODS
1014,FOODS_3_402,0.9510436213240115,FOODS
1015,FOODS_3_403,0.04219038639599914,FOODS
1016,FOODS_3_404,1.8893769370792222,FOODS
1017,FOODS_3_405,12.37524217958509,FOODS
1018,FOODS_3_406,2.493825789430837,FOODS
1019,FOODS_3_407,5.316878615866733,FOODS
1020,FOODS_3_408,0.06734586961796404,FOODS
1021,FOODS_3_409,3.5885042118504527,FOODS
1022,FOODS_3_410,5.3471300686913095,FOODS
1023,FOODS_3_411,0.08505308440888838,FOODS
1024,FOODS_3_412,0.005109317179718965,FOODS
1025,FOODS_3_413,4.389393303309898,FOODS
1026,FOODS_3_414,0.728261899269362,FOODS
1027,FOODS_3_415,0.04957588659816065,FOODS
1028,FOODS_3_416,0.046846010187244304,FOODS
1029,FOODS_3_417,11.806531371622345,FOODS
1030,FOODS_3_418,2.4424647280237974,FOODS
1031,FOODS_3_419,0.3366016068503324,FOODS
1032,FOODS_3_420,0.12202878364170198,FOODS
1033,FOODS_3_421,0.04491586616621299,FOODS
1034,FOODS_3_422,20.508741966824644,FOODS
1035,FOODS_3_423,5.189574345236243,FOODS
1036,FOODS_3_424,0.10736322747424563,FOODS
1037,FOODS_3_425,0.08777681075195574,FOODS
1038,FOODS_3_426,2.398915773710807,FOODS
1039,FOODS_3_427,0.042352010228504405,FOODS
1040,FOODS_3_428,0.2297626246536927,FOODS
1041,FOODS_3_429,11.289199160283225,FOODS
1042,FOODS_3_430,11.12397914187074,FOODS
1043,FOODS_3_431,0.6410329778192494,FOODS
1044,FOODS_3_432,1.8472526234041713,FOODS
1045,FOODS_3_433,1.5096762116965192,FOODS
1046,FOODS_3_434,13.58261116033382,FOODS
1047,FOODS_3_435,0.026287801654746708,FOODS
1048,FOODS_3_436,0.8417219884055023,FOODS
1049,FOODS_3_437,0.8000468123102719,FOODS
1050,FOODS_3_438,0.024423805252903878,FOODS
1051,FOODS_3_439,5.156194539670607,FOODS
1052,FOODS_3_440,17.49737574768004,FOODS
1053,FOODS_3_441,0.22177645698976856,FOODS
1054,FOODS_3_442,0.0466468137111195,FOODS
1055,FOODS_3_443,0.03329818999477915,FOODS
1056,FOODS_3_444,0.09877317662198062,FOODS
1057,FOODS_3_445,0.05180709960565981,FOODS
1058,FOODS_3_446,4.307470721279997,FOODS
1059,FOODS_3_447,0.03716957817673359,FOODS
1060,FOODS_3_448,0.08884490394655256,FOODS
1061,FOODS_3_449,17.381500148594245,FOODS
1062,FOODS_3_450,2.810308369362712,FOODS
1063,FOODS_3_451,0.08709870438461426,FOODS
1064,FOODS_3_452,0.7561090169556827,FOODS
1065,FOODS_3_453,0.04426467688323491,FOODS
1066,FOODS_3_454,0.07108136439535193,FOODS
1067,FOODS_3_455,0.27724899843355266,FOODS
1068,FOODS_3_456,4.7544255491865695,FOODS
1069,FOODS_3_457,1.9241530572027317,FOODS
1070,FOODS_3_458,0.08271661773454476,FOODS
1071,FOODS_3_459,0.05011642789141686,FOODS
1072,FOODS_3_460,0.06451052923718491,FOODS
1073,FOODS_3_461,0.3346675592131867,FOODS
1074,FOODS_3_462,2.188908037711513,FOODS
1075,FOODS_3_463,1.7601823004294275,FOODS
1076,FOODS_3_464,0.047868767833494474,FOODS
1077,FOODS_3_465,3.466034733437983,FOODS
1078,FOODS_3_466,0.06492442051468758,FOODS
1079,FOODS_3_467,0.28391346965512926,FOODS
1080,FOODS_3_468,17.547698694054482,FOODS
1081,FOODS_3_469,8.65722479003202,FOODS
1082,FOODS_3_470,7.627295855135633,FOODS
1083,FOODS_3_471,0.6004047224977977,FOODS
1084,FOODS_3_472,0.03683472551751626,FOODS
1085,FOODS_3_473,5.330507533551038,FOODS
1086,FOODS_3_474,0.47292053174177606,FOODS
1087,FOODS_3_475,0.5441050889980082,FOODS
1088,FOODS_3_476,0.20332931511654978,FOODS
1089,FOODS_3_477,0.08121399628638432,FOODS
1090,FOODS_3_478,0.04709609021229087,FOODS
1091,FOODS_3_479,2.4278488475569677,FOODS
1092,FOODS_3_480,1.11895236948023,FOODS
1093,FOODS_3_481,3.6547836582109228,FOODS
1094,FOODS_3_482,4.922452309154295,FOODS
1095,FOODS_3_483,5.609653770833892,FOODS
1096,FOODS_3_484,0.03366630186488527,FOODS
1097,FOODS_3_485,52.39340615766303,FOODS
1098,FOODS_3_486,0.05119036216828495,FOODS
1099,FOODS_3_487,0.0488269368808834,FOODS
1100,FOODS_3_488,2.0802151476887403,FOODS
1101,FOODS_3_489,5.303928542774444,FOODS
1102,FOODS_3_490,2.8266598926427444,FOODS
1103,FOODS_3_491,34.284606682358614,FOODS
1104,FOODS_3_492,0.059423883492966,FOODS
1105,FOODS_3_493,6.695095980273937,FOODS
1106,FOODS_3_494,3.8588443395192686,FOODS
1107,FOODS_3_495,0.04915411176398758,FOODS
1108,FOODS_3_496,5.939984728339835,FOODS
1109,FOODS_3_497,1.8975321023206781,FOODS
1110,FOODS_3_498,1.5722923764738426,FOODS
1111,FOODS_3_499,17.100246479628723,FOODS
1112,FOODS_3_500,3.5108868435283958,FOODS
1113,FOODS_3_501,46.16011091625619,FOODS
1114,FOODS_3_502,2.6642433008399795,FOODS
1115,FOODS_3_503,1.0752637478971014,FOODS
1116,FOODS_3_504,0.028328063914733345,FOODS
1117,FOODS_3_505,0.20680042573178323,FOODS
1118,FOODS_3_506,0.055501590747487034,FOODS
1119,FOODS_3_507,0.039250503135370186,FOODS
1120,FOODS_3_508,1.4942269487135742,FOODS
1121,FOODS_3_509,1.752040584775408,FOODS
1122,FOODS_3_510,0.03452585748139194,FOODS
1123,FOODS_3_511,58.422763799933904,FOODS
1124,FOODS_3_512,0.03739902679059006,FOODS
1125,FOODS_3_513,1.3587668105552677,FOODS
1126,FOODS_3_514,0.20517225389376118,FOODS
1127,FOODS_3_515,11.553697415550726,FOODS
1128,FOODS_3_516,2.064707823216246,FOODS
1129,FOODS_3_517,0.8652882782184845,FOODS
1130,FOODS_3_518,0.6854724117827058,FOODS
1131,FOODS_3_519,6.926718657826721,FOODS
1132,FOODS_3_520,0.09784929194462785,FOODS
1133,FOODS_3_521,4.993737618258603,FOODS
1134,FOODS_3_522,0.051470678281554286,FOODS
1135,FOODS_3_523,4.140565629572569,FOODS
1136,FOODS_3_524,7.912848770213142,FOODS
1137,FOODS_3_525,0.12064775388341238,FOODS
1138,FOODS_3_526,33.45909398450386,FOODS
1139,FOODS_3_527,7.37955487700682,FOODS
1140,FOODS_3_528,4.84639820280547,FOODS
1141,FOODS_3_529,3.0959339991354353,FOODS
1142,FOODS_3_530,0.06978129156887232,FOODS
1143,FOODS_3_531,8.14223806293684,FOODS
1144,FOODS_3_532,0.08352771956253784,FOODS
1145,FOODS_3_533,2.9417642703448794,FOODS
1146,FOODS_3_534,0.21565641777677869,FOODS
1147,FOODS_3_535,0.15494569323539586,FOODS
1148,FOODS_3_536,5.08855829416249,FOODS
1149,FOODS_3_537,3.79675081753853,FOODS
1150,FOODS_3_538,2.514381189396526,FOODS
1151,FOODS_3_539,5.186430801172619,FOODS
1152,FOODS_3_540,0.09246682319084218,FOODS
1153,FOODS_3_541,0.08348513030775682,FOODS
1154,FOODS_3_542,3.535973061869809,FOODS
1155,FOODS_3_543,0.0618423986578047,FOODS
1156,FOODS_3_544,0.04822907630060649,FOODS
1157,FOODS_3_545,1.8147623810394078,FOODS
1158,FOODS_3_546,0.46160925708856526,FOODS
1159,FOODS_3_547,2.783072787145718,FOODS
1160,FOODS_3_548,0.4201877575885812,FOODS
1161,FOODS_3_549,0.051731512393139195,FOODS
1162,FOODS_3_550,1.1622779696005128,FOODS
1163,FOODS_3_551,0.0908796026049698,FOODS
1164,FOODS_3_552,0.036480329034546434,FOODS
1165,FOODS_3_553,0.04371423118505931,FOODS
1166,FOODS_3_554,0.05383869601875443,FOODS
1167,FOODS_3_555,0.1574919134263746,FOODS
1168,FOODS_3_556,0.046857992679504114,FOODS
1169,FOODS_3_557,0.10052158783798196,FOODS
1170,FOODS_3_558,0.04391065904814408,FOODS
1171,FOODS_3_559,0.8529712576244083,FOODS
1172,FOODS_3_560,2.3241648783005227,FOODS
1173,FOODS_3_561,14.16706453701679,FOODS
1174,FOODS_3_562,14.585988252283894,FOODS
1175,FOODS_3_563,0.08301912376806983,FOODS
1176,FOODS_3_564,1.7698224651369516,FOODS
1177,FOODS_3_565,1.3037939496125273,FOODS
1178,FOODS_3_566,0.07610403564744077,FOODS
1179,FOODS_3_567,2.8344863178616935,FOODS
1180,FOODS_3_568,2.383367279423466,FOODS
1181,FOODS_3_569,13.57220880166248,FOODS
1182,FOODS_3_570,8.587105653724608,FOODS
1183,FOODS_3_571,12.946767333526124,FOODS
1184,FOODS_3_572,12.780795772385432,FOODS
1185,FOODS_3_573,4.729434732370934,FOODS
1186,FOODS_3_574,20.769226714779226,FOODS
1187,FOODS_3_575,3.580110474946872,FOODS
1188,FOODS_3_576,11.556483709755295,FOODS
1189,FOODS_3_577,0.0889701021771454,FOODS
1190,FOODS_3_578,21.11895978267249,FOODS
1191,FOODS_3_579,0.04319509171207922,FOODS
1192,FOODS_3_580,1.199761499282627,FOODS
1193,FOODS_3_581,0.1061423907385897,FOODS
1194,FOODS_3_582,0.037965450498731845,FOODS
1195,FOODS_3_583,0.025443384754089523,FOODS
1196,FOODS_3_584,1.4679470988643941,FOODS
1197,FOODS_3_585,1.5857669754777943,FOODS
1198,FOODS_3_586,3.44899976480432,FOODS
1199,FOODS_3_587,13.344798840791208,FOODS
1200,FOODS_3_588,5.477165024966542,FOODS
1201,FOODS_3_589,0.054760792195002635,FOODS
1202,FOODS_3_590,0.0813126596059203,FOODS
1203,FOODS_3_591,1.4494358903043805,FOODS
1204,FOODS_3_592,51.59816521446032,FOODS
1205,FOODS_3_593,0.45944998427581346,FOODS
1206,FOODS_3_594,0.6269385761532298,FOODS
1207,FOODS_3_595,0.0,FOODS
1208,FOODS_3_596,3.5217855326732765,FOODS
1209,FOODS_3_597,0.04743364507956846,FOODS
1210,FOODS_3_598,0.2243157761556681,FOODS
1211,FOODS_3_599,4.251650136994799,FOODS
1212,FOODS_3_600,0.04421124409924193,FOODS
1213,FOODS_3_601,0.029247338359992544,FOODS
1214,FOODS_3_602,0.055120278368387274,FOODS
1215,FOODS_3_603,1.9286244420090566,FOODS
1216,FOODS_3_604,3.0288070748915,FOODS
1217,FOODS_3_605,0.0461190768420797,FOODS
1218,FOODS_3_606,0.47424230699862163,FOODS
1219,FOODS_3_607,9.263755472251404,FOODS
1220,FOODS_3_608,4.560190551709851,FOODS
1221,FOODS_3_609,10.595625266994917,FOODS
1222,FOODS_3_610,0.5008556642467963,FOODS
1223,FOODS_3_611,2.7365016166743197,FOODS
1224,FOODS_3_612,0.17025072021446583,FOODS
1225,FOODS_3_613,0.9224008421233114,FOODS
1226,FOODS_3_614,0.03666492665882754,FOODS
1227,FOODS_3_615,11.620225225235881,FOODS
1228,FOODS_3_616,0.054999899255342,FOODS
1229,FOODS_3_617,5.220489950224469,FOODS
1230,FOODS_3_618,0.06184588525257112,FOODS
1231,FOODS_3_619,0.044399039657549155,FOODS
1232,FOODS_3_620,3.4363368370626888,FOODS
1233,FOODS_3_621,5.7032564058815645,FOODS
1234,FOODS_3_622,0.6877502821638295,FOODS
1235,FOODS_3_623,9.193625087819537,FOODS
1236,FOODS_3_624,5.412593773156625,FOODS
1237,FOODS_3_625,0.08840804449286331,FOODS
1238,FOODS_3_626,13.308102943810226,FOODS
1239,FOODS_3_627,1.5331286838842795,FOODS
1240,FOODS_3_628,14.094354705932743,FOODS
1241,FOODS_3_629,0.14310250100497807,FOODS
1242,FOODS_3_630,0.047899913453604726,FOODS
1243,FOODS_3_631,3.488994746299082,FOODS
1244,FOODS_3_632,3.8478038429849577,FOODS
1245,FOODS_3_633,20.315973787228906,FOODS
1246,FOODS_3_634,27.574478593204844,FOODS
1247,FOODS_3_635,1.9162739801677173,FOODS
1248,FOODS_3_636,21.443108017537813,FOODS
1249,FOODS_3_637,3.639949461668951,FOODS
1250,FOODS_3_638,0.5314771912517743,FOODS
1251,FOODS_3_639,2.0199336435166138,FOODS
1252,FOODS_3_640,2.115429520247821,FOODS
1253,FOODS_3_641,6.514695478340298,FOODS
1254,FOODS_3_642,7.885070028578056,FOODS
1255,FOODS_3_643,0.05028426119735755,FOODS
1256,FOODS_3_644,3.9369228727075947,FOODS
1257,FOODS_3_645,11.220369576941208,FOODS
1258,FOODS_3_646,0.060895491958468495,FOODS
1259,FOODS_3_647,0.5878657775322119,FOODS
1260,FOODS_3_648,1.4431172854265857,FOODS
1261,FOODS_3_649,0.09605254594045645,FOODS
1262,FOODS_3_650,7.880326075485532,FOODS
1263,FOODS_3_651,9.389285636895046,FOODS
1264,FOODS_3_652,6.773730504577052,FOODS
1265,FOODS_3_653,3.7937588842984162,FOODS
1266,FOODS_3_654,0.08717599708664805,FOODS
1267,FOODS_3_655,2.090430371301653,FOODS
1268,FOODS_3_656,8.578890715842109,FOODS
1269,FOODS_3_657,0.8259596713749452,FOODS
1270,FOODS_3_658,0.05361417616750372,FOODS
1271,FOODS_3_659,0.05269223342026972,FOODS
1272,FOODS_3_660,0.0263691679729722,FOODS
1273,FOODS_3_661,14.192728296016513,FOODS
1274,FOODS_3_662,0.7488751215139937,FOODS
1275,FOODS_3_663,0.0520209298063203,FOODS
1276,FOODS_3_664,2.7074071895745595,FOODS
1277,FOODS_3_665,8.742821840508208,FOODS
1278,FOODS_3_666,0.047897269693748676,FOODS
1279,FOODS_3_667,0.03554435998688853,FOODS
1280,FOODS_3_668,1.4962199718045954,FOODS
1281,FOODS_3_669,3.5504520554641563,FOODS
1282,FOODS_3_670,0.21339678605094445,FOODS
1283,FOODS_3_671,2.0563374928806977,FOODS
1284,FOODS_3_672,0.04900306339544351,FOODS
1285,FOODS_3_673,5.871033269862211,FOODS
1286,FOODS_3_674,0.6386742808339523,FOODS
1287,FOODS_3_675,2.2559299084668836,FOODS
1288,FOODS_3_676,39.04342411752169,FOODS
1289,FOODS_3_677,0.06744723136332625,FOODS
1290,FOODS_3_678,0.22469057940432172,FOODS
1291,FOODS_3_679,3.9568450250710208,FOODS
1292,FOODS_3_680,0.04658731741569602,FOODS
1293,FOODS_3_681,2.277345899428078,FOODS
1294,FOODS_3_682,10.152907983741962,FOODS
1295,FOODS_3_683,16.556805805657746,FOODS
1296,FOODS_3_684,0.13874949521369745,FOODS
1297,FOODS_3_685,9.305564373024385,FOODS
1298,FOODS_3_686,1.7889091510777373,FOODS
1299,FOODS_3_687,0.637682078891871,FOODS
1300,FOODS_3_688,5.05772444198419,FOODS
1301,FOODS_3_689,16.558719489819268,FOODS
1302,FOODS_3_690,4.537928640810174,FOODS
1303,FOODS_3_691,2.4907771810172417,FOODS
1304,FOODS_3_692,8.2084722635997,FOODS
1305,FOODS_3_693,3.76810479903358,FOODS
1306,FOODS_3_694,0.12880616917115278,FOODS
1307,FOODS_3_695,0.16782818160308077,FOODS
1308,FOODS_3_696,5.455963739585762,FOODS
1309,FOODS_3_697,4.988880615336989,FOODS
1310,FOODS_3_698,1.0177321600745584,FOODS
1311,FOODS_3_700,0.09134627532063665,FOODS
1312,FOODS_3_701,1.2641693646658434,FOODS
1313,FOODS_3_702,0.23739170538703064,FOODS
1314,FOODS_3_703,3.112462246023147,FOODS
1315,FOODS_3_704,6.311095560573824,FOODS
1316,FOODS_3_705,0.10801873676866451,FOODS
1317,FOODS_3_706,9.809367580275854,FOODS
1318,FOODS_3_707,0.045495978965242115,FOODS
1319,FOODS_3_708,6.719015067840984,FOODS
1320,FOODS_3_709,0.7025830744627842,FOODS
1321,FOODS_3_710,0.8004094835760637,FOODS
1322,FOODS_3_711,8.947330251196268,FOODS
1323,FOODS_3_712,9.099651502384187,FOODS
1324,FOODS_3_713,3.3219757629843047,FOODS
1325,FOODS_3_714,0.21545373167025136,FOODS
1326,FOODS_3_715,0.08694086224485993,FOODS
1327,FOODS_3_716,5.32464203924223,FOODS
1328,FOODS_3_717,0.38901196307340863,FOODS
1329,FOODS_3_718,0.028857558213874496,FOODS
1330,FOODS_3_719,0.25189167451109723,FOODS
1331,FOODS_3_720,4.102886990391246,FOODS
1332,FOODS_3_721,22.17571682379441,FOODS
1333,FOODS_3_722,0.04032090489976137,FOODS
1334,FOODS_3_723,28.713625234518176,FOODS
1335,FOODS_3_724,3.375697325972865,FOODS
1336,FOODS_3_725,4.709606029472147,FOODS
1337,FOODS_3_726,0.03978730875436993,FOODS
1338,FOODS_3_727,0.13236568101735982,FOODS
1339,FOODS_3_729,0.33378935831432954,FOODS
1340,FOODS_3_730,0.1439019237583563,FOODS
1341,FOODS_3_731,2.378779812105587,FOODS
1342,FOODS_3_732,0.039638396225589304,FOODS
1343,FOODS_3_733,2.447641011776932,FOODS
1344,FOODS_3_734,0.503560248139199,FOODS
1345,FOODS_3_735,0.0360399531669328,FOODS
1346,FOODS_3_736,0.28115141805177596,FOODS
1347,FOODS_3_737,0.051564806536026374,FOODS
1348,FOODS_3_738,25.845464142619285,FOODS
1349,FOODS_3_739,0.3600414659205759,FOODS
1350,FOODS_3_741,0.23937280368125086,FOODS
1351,FOODS_3_742,14.116326965162315,FOODS
1352,FOODS_3_743,4.445101783337104,FOODS
1353,FOODS_3_744,0.18629101490002006,FOODS
1354,FOODS_3_745,0.03553740681936461,FOODS
1355,FOODS_3_746,0.540319048001871,FOODS
1356,FOODS_3_747,0.3712924674751498,FOODS
1357,FOODS_3_748,7.4368044971911065,FOODS
1358,FOODS_3_749,0.0411018666177346,FOODS
1359,FOODS_3_750,0.050668620319468644,FOODS
1360,FOODS_3_751,7.339558030339876,FOODS
1361,FOODS_3_752,2.770532049910057,FOODS
1362,FOODS_3_753,7.521847825321407,FOODS
1363,FOODS_3_754,7.886445926499336,FOODS
1364,FOODS_3_755,1.6609548298875234,FOODS
1365,FOODS_3_756,9.169435220643324,FOODS
1366,FOODS_3_757,0.09473597053203227,FOODS
1367,FOODS_3_758,0.040702544952833805,FOODS
1368,FOODS_3_759,3.9576363551987606,FOODS
1369,FOODS_3_760,6.097763192001345,FOODS
1370,FOODS_3_761,0.03178640294836521,FOODS
1371,FOODS_3_762,0.0608477586395206,FOODS
1372,FOODS_3_763,0.4710794581537142,FOODS
1373,FOODS_3_764,8.615851926336887,FOODS
1374,FOODS_3_765,3.794629695190588,FOODS
1375,FOODS_3_766,0.6242002004870632,FOODS
1376,FOODS_3_767,0.522179010670568,FOODS
1377,FOODS_3_768,1.300509315481799,FOODS
1378,FOODS_3_769,61.87971572804798,FOODS
1379,FOODS_3_770,0.06411380127989666,FOODS
1380,FOODS_3_771,0.059136827809574265,FOODS
1381,FOODS_3_772,9.300860537363297,FOODS
1382,FOODS_3_773,2.8865360928155424,FOODS
1383,FOODS_3_774,0.15483008046544602,FOODS
1384,FOODS_3_775,22.840642690630393,FOODS
1385,FOODS_3_776,1.2285024157795277,FOODS
1386,FOODS_3_777,2.680543254586086,FOODS
1387,FOODS_3_778,0.2281843708605672,FOODS
1388,FOODS_3_779,0.9764968708543763,FOODS
1389,FOODS_3_780,0.06210964975201819,FOODS
1390,FOODS_3_781,1.5889164777000355,FOODS
1391,FOODS_3_782,0.09487943449519455,FOODS
1392,FOODS_3_783,0.24884030332288298,FOODS
1393,FOODS_3_784,0.027097079325501393,FOODS
1394,FOODS_3_785,0.4660104958364545,FOODS
1395,FOODS_3_786,1.6241922286214439,FOODS
1396,FOODS_3_787,1.9326649773623399,FOODS
1397,FOODS_3_788,0.06342449970416789,FOODS
1398,FOODS_3_789,1.0851719844128047,FOODS
1399,FOODS_3_790,0.04760406277816973,FOODS
1400,FOODS_3_791,0.29169371451646003,FOODS
1401,FOODS_3_792,2.2126932971904782,FOODS
1402,FOODS_3_793,0.43246486881572066,FOODS
1403,FOODS_3_794,3.2804900212494825,FOODS
1404,FOODS_3_795,6.893263375034969,FOODS
1405,FOODS_3_796,10.024381061828517,FOODS
1406,FOODS_3_797,7.960240110717465,FOODS
1407,FOODS_3_798,0.026450788160299228,FOODS
1408,FOODS_3_799,0.03027405670209679,FOODS
1409,FOODS_3_800,13.294289085875356,FOODS
1410,FOODS_3_801,1.1716581261186276,FOODS
1411,FOODS_3_802,0.02668283900307093,FOODS
1412,FOODS_3_803,1.7100690083027805,FOODS
1413,FOODS_3_804,0.03634879136442496,FOODS
1414,FOODS_3_805,0.04080979094212623,FOODS
1415,FOODS_3_806,0.2063512163191646,FOODS
1416,FOODS_3_807,6.145073494730996,FOODS
1417,FOODS_3_808,7.877936137257244,FOODS
1418,FOODS_3_809,0.031133238180972307,FOODS
1419,FOODS_3_810,0.06325441304427087,FOODS
1420,FOODS_3_811,1.4282871180367676,FOODS
1421,FOODS_3_812,4.522518609730294,FOODS
1422,FOODS_3_813,26.182371661490116,FOODS
1423,FOODS_3_814,0.8338164055406707,FOODS
1424,FOODS_3_815,0.0635223975263673,FOODS
1425,FOODS_3_816,0.7269027832557657,FOODS
1426,FOODS_3_817,0.20890076892250242,FOODS
1427,FOODS_3_818,3.0639396487293755,FOODS
1428,FOODS_3_819,0.07154834470708353,FOODS
1429,FOODS_3_820,0.059380490382781155,FOODS
1430,FOODS_3_821,9.379320668535275,FOODS
1431,FOODS_3_822,0.14559388860104727,FOODS
1432,FOODS_3_823,0.09045725909074116,FOODS
1433,FOODS_3_824,0.04462886320329575,FOODS
1434,FOODS_3_825,3.66122570491906,FOODS
1435,FOODS_3_826,2.867681668682982,FOODS
1436,FOODS_3_827,0.0517962108173845,FOODS
1437,HOBBIES_1_001,14.01388771220632,HOBBIES
1438,HOBBIES_1_002,0.07142385706325656,HOBBIES
1439,HOBBIES_1_003,0.07016539469820447,HOBBIES
1440,HOBBIES_1_004,6.016558613426439,HOBBIES
1441,HOBBIES_1_005,1.1592220791993693,HOBBIES
1442,HOBBIES_1_006,5.328937165295982,HOBBIES
1443,HOBBIES_1_007,7.121275869868257,HOBBIES
1444,HOBBIES_1_008,26.63123929939005,HOBBIES
1445,HOBBIES_1_009,0.017963940856121925,HOBBIES
1446,HOBBIES_1_010,1.498317300119827,HOBBIES
1447,HOBBIES_1_011,2.0073696261340905,HOBBIES
1448,HOBBIES_1_012,0.14491739357744526,HOBBIES
1449,HOBBIES_1_013,0.3268055639438978,HOBBIES
1450,HOBBIES_1_014,6.652018183378329,HOBBIES
1451,HOBBIES_1_015,14.351412941692347,HOBBIES
1452,HOBBIES_1_016,0.06489960869161496,HOBBIES
1453,HOBBIES_1_017,0.7668062969985624,HOBBIES
1454,HOBBIES_1_018,1.6286520102146043,HOBBIES
1455,HOBBIES_1_019,11.920365906919672,HOBBIES
1456,HOBBIES_1_020,7.435244795324201,HOBBIES
1457,HOBBIES_1_021,10.274367635612002,HOBBIES
1458,HOBBIES_1_022,5.781957960862059,HOBBIES
1459,HOBBIES_1_023,0.04585723536983577,HOBBIES
1460,HOBBIES_1_024,6.843872268162873,HOBBIES
1461,HOBBIES_1_025,4.433581360655253,HOBBIES
1462,HOBBIES_1_026,0.10033325193468731,HOBBIES
1463,HOBBIES_1_027,0.29487275942471236,HOBBIES
1464,HOBBIES_1_028,0.12579810830791796,HOBBIES
1465,HOBBIES_1_029,17.306928594942796,HOBBIES
1466,HOBBIES_1_030,4.99193054199617,HOBBIES
1467,HOBBIES_1_031,0.09500749352589359,HOBBIES
1468,HOBBIES_1_032,2.659494418292765,HOBBIES
1469,HOBBIES_1_033,2.920877519005132,HOBBIES
1470,HOBBIES_1_034,0.0632113473385147,HOBBIES
1471,HOBBIES_1_035,0.7606809679137608,HOBBIES
1472,HOBBIES_1_036,0.7162346386918768,HOBBIES
1473,HOBBIES_1_037,6.56281270028541,HOBBIES
1474,HOBBIES_1_038,0.04749843474373277,HOBBIES
1475,HOBBIES_1_039,2.485955267609492,HOBBIES
1476,HOBBIES_1_040,25.09079458390947,HOBBIES
1477,HOBBIES_1_041,0.8682643455083142,HOBBIES
1478,HOBBIES_1_042,7.357537651470538,HOBBIES
1479,HOBBIES_1_043,10.198829836464816,HOBBIES
1480,HOBBIES_1_044,0.023886692209995727,HOBBIES
1481,HOBBIES_1_045,10.788579807151313,HOBBIES
1482,HOBBIES_1_046,20.023968901212683,HOBBIES
1483,HOBBIES_1_047,2.0385111997536334,HOBBIES
1484,HOBBIES_1_048,6.286964782946776,HOBBIES
1485,HOBBIES_1_049,2.8059981826843705,HOBBIES
1486,HOBBIES_1_050,4.32959106082257,HOBBIES
1487,HOBBIES_1_051,0.057241813034432106,HOBBIES
1488,HOBBIES_1_052,0.07342951017212787,HOBBIES
1489,HOBBIES_1_053,4.686450342773296,HOBBIES
1490,HOBBIES_1_054,0.39586850931834505,HOBBIES
1491,HOBBIES_1_055,0.2230059866559885,HOBBIES
1492,HOBBIES_1_056,0.028806143070597146,HOBBIES
1493,HOBBIES_1_057,0.07749602740998716,HOBBIES
1494,HOBBIES_1_058,1.1737776421516954,HOBBIES
1495,HOBBIES_1_060,0.5344036545026732,HOBBIES
1496,HOBBIES_1_061,0.025832852253038878,HOBBIES
1497,HOBBIES_1_062,0.009425502760707319,HOBBIES
1498,HOBBIES_1_063,2.569780553008556,HOBBIES
1499,HOBBIES_1_064,20.549370024333168,HOBBIES
1500,HOBBIES_1_065,0.2920236327770462,HOBBIES
1501,HOBBIES_1_066,0.030137601700494683,HOBBIES
1502,HOBBIES_1_067,6.589696472834161,HOBBIES
1503,HOBBIES_1_068,6.718325397829517,HOBBIES
1504,HOBBIES_1_069,0.1368153626962129,HOBBIES
1505,HOBBIES_1_070,0.05619544348702509,HOBBIES
1506,HOBBIES_1_072,0.3861836848634664,HOBBIES
1507,HOBBIES_1_073,1.0519398355378207,HOBBIES
1508,HOBBIES_1_074,3.9340168115148066,HOBBIES
1509,HOBBIES_1_075,4.539520285372924,HOBBIES
1510,HOBBIES_1_076,2.3383640704698423,HOBBIES
1511,HOBBIES_1_077,19.37672027762678,HOBBIES
1512,HOBBIES_1_078,2.248465948998737,HOBBIES
1513,HOBBIES_1_079,14.748074631539334,HOBBIES
1514,HOBBIES_1_080,5.701030438864158,HOBBIES
1515,HOBBIES_1_081,31.295523268169802,HOBBIES
1516,HOBBIES_1_082,0.0746866552132756,HOBBIES
1517,HOBBIES_1_083,18.89717256752125,HOBBIES
1518,HOBBIES_1_084,0.04549239733704448,HOBBIES
1519,HOBBIES_1_085,19.477396867343348,HOBBIES
1520,HOBBIES_1_086,11.750211126415454,HOBBIES
1521,HOBBIES_1_087,0.10052398262332542,HOBBIES
1522,HOBBIES_1_088,2.9770120478565407,HOBBIES
1523,HOBBIES_1_089,41.48414000135001,HOBBIES
1524,HOBBIES_1_090,12.734610529324266,HOBBIES
1525,HOBBIES_1_091,0.2295117300740964,HOBBIES
1526,HOBBIES_1_092,0.023161718964521356,HOBBIES
1527,HOBBIES_1_093,15.943007826988696,HOBBIES
1528,HOBBIES_1_094,13.674669367932152,HOBBIES
1529,HOBBIES_1_095,0.06421282526209976,HOBBIES
1530,HOBBIES_1_097,3.235652353249887,HOBBIES
1531,HOBBIES_1_098,1.9802537653833634,HOBBIES
1532,HOBBIES_1_099,5.041315623692763,HOBBIES
1533,HOBBIES_1_100,9.776296938791724,HOBBIES
1534,HOBBIES_1_102,0.12626332048138483,HOBBIES
1535,HOBBIES_1_103,3.635517367769667,HOBBIES
1536,HOBBIES_1_104,0.2349157061269404,HOBBIES
1537,HOBBIES_1_105,2.562650921730666,HOBBIES
1538,HOBBIES_1_106,1.9393777204086216,HOBBIES
1539,HOBBIES_1_107,0.39903492306183386,HOBBIES
1540,HOBBIES_1_108,14.171214988632183,HOBBIES
1541,HOBBIES_1_109,0.08015663938161285,HOBBIES
1542,HOBBIES_1_110,2.9209726084843988,HOBBIES
1543,HOBBIES_1_111,3.866286339153045,HOBBIES
1544,HOBBIES_1_112,0.022441743210174545,HOBBIES
1545,HOBBIES_1_113,0.4751323129881884,HOBBIES
1546,HOBBIES_1_114,4.019620480991879,HOBBIES
1547,HOBBIES_1_115,2.7215857568536017,HOBBIES
1548,HOBBIES_1_116,3.8414118411452463,HOBBIES
1549,HOBBIES_1_117,11.663092801502348,HOBBIES
1550,HOBBIES_1_118,0.11212444518672916,HOBBIES
1551,HOBBIES_1_119,3.907025339039035,HOBBIES
1552,HOBBIES_1_120,4.5541277791895585,HOBBIES
1553,HOBBIES_1_121,1.293402278003277,HOBBIES
1554,HOBBIES_1_122,1.8467330334569827,HOBBIES
1555,HOBBIES_1_123,5.5389914244853236,HOBBIES
1556,HOBBIES_1_124,0.6459676413715248,HOBBIES
1557,HOBBIES_1_125,22.584214439036977,HOBBIES
1558,HOBBIES_1_126,10.541553987102105,HOBBIES
1559,HOBBIES_1_127,0.023076368443257073,HOBBIES
1560,HOBBIES_1_128,9.05656626131517,HOBBIES
1561,HOBBIES_1_129,0.5282202720229092,HOBBIES
1562,HOBBIES_1_130,1.5955686327915861,HOBBIES
1563,HOBBIES_1_131,0.09805532348205113,HOBBIES
1564,HOBBIES_1_132,2.576343819589638,HOBBIES
1565,HOBBIES_1_133,0.1000445103113846,HOBBIES
1566,HOBBIES_1_134,26.838808567465744,HOBBIES
1567,HOBBIES_1_135,0.15307640770241973,HOBBIES
1568,HOBBIES_1_136,0.029321432406000505,HOBBIES
1569,HOBBIES_1_137,0.26771226370667717,HOBBIES
1570,HOBBIES_1_138,0.052871790874324705,HOBBIES
1571,HOBBIES_1_139,1.849222744595434,HOBBIES
1572,HOBBIES_1_140,1.5226827587577432,HOBBIES
1573,HOBBIES_1_141,9.330915722952703,HOBBIES
1574,HOBBIES_1_142,0.48042585692798184,HOBBIES
1575,HOBBIES_1_143,0.12358122534918699,HOBBIES
1576,HOBBIES_1_144,0.29155859564482733,HOBBIES
1577,HOBBIES_1_145,8.551271838990356,HOBBIES
1578,HOBBIES_1_146,4.30858395876358,HOBBIES
1579,HOBBIES_1_147,4.323459917995377,HOBBIES
1580,HOBBIES_1_148,7.773423039133478,HOBBIES
1581,HOBBIES_1_149,0.029822180284997883,HOBBIES
1582,HOBBIES_1_150,3.7123521396099113,HOBBIES
1583,HOBBIES_1_151,2.3615247569053337,HOBBIES
1584,HOBBIES_1_152,7.6084224394121165,HOBBIES
1585,HOBBIES_1_153,2.0303494159088276,HOBBIES
1586,HOBBIES_1_154,0.07969920169637099,HOBBIES
1587,HOBBIES_1_155,0.6276915524589366,HOBBIES
1588,HOBBIES_1_156,3.818409506940486,HOBBIES
1589,HOBBIES_1_157,0.3982313878744468,HOBBIES
1590,HOBBIES_1_158,35.70307197960224,HOBBIES
1591,HOBBIES_1_159,1.2979284030614475,HOBBIES
1592,HOBBIES_1_160,0.475526274039173,HOBBIES
1593,HOBBIES_1_161,1.2567461304358496,HOBBIES
1594,HOBBIES_1_162,0.047383750745952934,HOBBIES
1595,HOBBIES_1_163,0.15030810693486923,HOBBIES
1596,HOBBIES_1_164,2.8262643162640373,HOBBIES
1597,HOBBIES_1_165,0.04945441243248199,HOBBIES
1598,HOBBIES_1_166,0.08218183918712031,HOBBIES
1599,HOBBIES_1_167,2.207804553199061,HOBBIES
1600,HOBBIES_1_168,8.501105942888358,HOBBIES
1601,HOBBIES_1_169,27.217721338702944,HOBBIES
1602,HOBBIES_1_170,8.62802183201643,HOBBIES
1603,HOBBIES_1_171,0.25987261392688765,HOBBIES
1604,HOBBIES_1_172,0.06691082710727615,HOBBIES
1605,HOBBIES_1_173,2.51986717102207,HOBBIES
1606,HOBBIES_1_174,0.2443552957214388,HOBBIES
1607,HOBBIES_1_175,0.02224281301911065,HOBBIES
1608,HOBBIES_1_176,0.12544748654327265,HOBBIES
1609,HOBBIES_1_177,2.7463385826698543,HOBBIES
1610,HOBBIES_1_178,14.873093825410661,HOBBIES
1611,HOBBIES_1_179,5.037402747833287,HOBBIES
1612,HOBBIES_1_180,12.204993579418034,HOBBIES
1613,HOBBIES_1_181,1.3267349417098937,HOBBIES
1614,HOBBIES_1_183,0.06493536685865961,HOBBIES
1615,HOBBIES_1_184,0.12968575663212645,HOBBIES
1616,HOBBIES_1_185,2.005872373727233,HOBBIES
1617,HOBBIES_1_186,11.6352198860483,HOBBIES
1618,HOBBIES_1_187,0.13847971520548094,HOBBIES
1619,HOBBIES_1_188,3.8915866320991745,HOBBIES
1620,HOBBIES_1_189,5.451787717877814,HOBBIES
1621,HOBBIES_1_190,3.228955513556872,HOBBIES
1622,HOBBIES_1_191,0.0715732739782216,HOBBIES
1623,HOBBIES_1_192,0.1595646732574369,HOBBIES
1624,HOBBIES_1_193,0.9865498796912514,HOBBIES
1625,HOBBIES_1_194,0.08463124613971787,HOBBIES
1626,HOBBIES_1_195,7.2741569446530425,HOBBIES
1627,HOBBIES_1_197,4.2749789060352406,HOBBIES
1628,HOBBIES_1_198,4.314631970706673,HOBBIES
1629,HOBBIES_1_199,0.8928861247496123,HOBBIES
1630,HOBBIES_1_200,0.1367305641760426,HOBBIES
1631,HOBBIES_1_201,8.980670003261714,HOBBIES
1632,HOBBIES_1_202,5.328055202053699,HOBBIES
1633,HOBBIES_1_203,9.144676514201265,HOBBIES
1634,HOBBIES_1_204,0.2205573986102156,HOBBIES
1635,HOBBIES_1_205,2.5119681848976967,HOBBIES
1636,HOBBIES_1_206,1.2737706122290227,HOBBIES
1637,HOBBIES_1_207,0.029828589407100304,HOBBIES
1638,HOBBIES_1_208,0.08407708468680752,HOBBIES
1639,HOBBIES_1_209,5.486764874862264,HOBBIES
1640,HOBBIES_1_210,0.051103961674549975,HOBBIES
1641,HOBBIES_1_211,0.6908440599060781,HOBBIES
1642,HOBBIES_1_212,0.061596063692861906,HOBBIES
1643,HOBBIES_1_213,7.129044108390728,HOBBIES
1644,HOBBIES_1_214,0.08486124890343477,HOBBIES
1645,HOBBIES_1_215,0.19865207200618804,HOBBIES
1646,HOBBIES_1_216,0.04363802135854183,HOBBIES
1647,HOBBIES_1_217,0.03479742090759904,HOBBIES
1648,HOBBIES_1_218,14.419204659676804,HOBBIES
1649,HOBBIES_1_219,0.6566423882715225,HOBBIES
1650,HOBBIES_1_220,1.621912534677573,HOBBIES
1651,HOBBIES_1_221,0.05457826077641811,HOBBIES
1652,HOBBIES_1_223,10.455683557700372,HOBBIES
1653,HOBBIES_1_224,0.19088255120023498,HOBBIES
1654,HOBBIES_1_225,0.30703688963785997,HOBBIES
1655,HOBBIES_1_226,7.3860333428875,HOBBIES
1656,HOBBIES_1_227,1.6063174803485802,HOBBIES
1657,HOBBIES_1_228,0.16110314567174666,HOBBIES
1658,HOBBIES_1_229,0.11127879516828523,HOBBIES
1659,HOBBIES_1_230,0.1594086206661394,HOBBIES
1660,HOBBIES_1_231,0.11899895234505492,HOBBIES
1661,HOBBIES_1_232,0.28209158083566305,HOBBIES
1662,HOBBIES_1_233,1.3147965504969579,HOBBIES
1663,HOBBIES_1_234,1.1518110226511453,HOBBIES
1664,HOBBIES_1_235,2.651513201920854,HOBBIES
1665,HOBBIES_1_236,0.18445106954549187,HOBBIES
1666,HOBBIES_1_237,2.86596170936742,HOBBIES
1667,HOBBIES_1_238,4.220109685815972,HOBBIES
1668,HOBBIES_1_239,1.3669038369204436,HOBBIES
1669,HOBBIES_1_240,1.2418736664802144,HOBBIES
1670,HOBBIES_1_241,0.3188319594402149,HOBBIES
1671,HOBBIES_1_242,0.40794066889956226,HOBBIES
1672,HOBBIES_1_243,0.27652170989197694,HOBBIES
1673,HOBBIES_1_244,2.3328721702644177,HOBBIES
1674,HOBBIES_1_245,0.12058468356396174,HOBBIES
1675,HOBBIES_1_246,0.1531307527988091,HOBBIES
1676,HOBBIES_1_247,1.9298112168230617,HOBBIES
1677,HOBBIES_1_248,0.02033386817835031,HOBBIES
1678,HOBBIES_1_249,0.5668282701293051,HOBBIES
1679,HOBBIES_1_250,0.0450616030525464,HOBBIES
1680,HOBBIES_1_251,1.7852814983112555,HOBBIES
1681,HOBBIES_1_252,2.9605645156179103,HOBBIES
1682,HOBBIES_1_253,17.075912153250336,HOBBIES
1683,HOBBIES_1_254,1.3385476212671512,HOBBIES
1684,HOBBIES_1_255,0.08859154250480836,HOBBIES
1685,HOBBIES_1_256,1.359019185947546,HOBBIES
1686,HOBBIES_1_257,0.43958287395497125,HOBBIES
1687,HOBBIES_1_258,6.46959115086153,HOBBIES
1688,HOBBIES_1_259,0.00945096185382325,HOBBIES
1689,HOBBIES_1_260,0.09181898566088117,HOBBIES
1690,HOBBIES_1_261,7.351822509369662,HOBBIES
1691,HOBBIES_1_262,1.244375286667891,HOBBIES
1692,HOBBIES_1_263,2.0532662014454095,HOBBIES
1693,HOBBIES_1_264,0.05054776302171099,HOBBIES
1694,HOBBIES_1_265,2.9525747192794944,HOBBIES
1695,HOBBIES_1_266,0.05640416245037077,HOBBIES
1696,HOBBIES_1_267,0.025549606133791033,HOBBIES
1697,HOBBIES_1_268,6.5820000529304075,HOBBIES
1698,HOBBIES_1_269,17.47625480502237,HOBBIES
1699,HOBBIES_1_270,3.908848556494164,HOBBIES
1700,HOBBIES_1_271,0.08832596420151878,HOBBIES
1701,HOBBIES_1_272,0.5833457813106481,HOBBIES
1702,HOBBIES_1_273,0.15737112297340647,HOBBIES
1703,HOBBIES_1_274,0.08086641033950084,HOBBIES
1704,HOBBIES_1_275,0.09833774092250219,HOBBIES
1705,HOBBIES_1_276,2.2434663006818756,HOBBIES
1706,HOBBIES_1_277,0.03526409035488966,HOBBIES
1707,HOBBIES_1_278,23.906732227515953,HOBBIES
1708,HOBBIES_1_279,0.08577161329989642,HOBBIES
1709,HOBBIES_1_280,0.2398409634246069,HOBBIES
1710,HOBBIES_1_281,0.3859445650243356,HOBBIES
1711,HOBBIES_1_282,0.10611380426594613,HOBBIES
1712,HOBBIES_1_283,0.18586930414233527,HOBBIES
1713,HOBBIES_1_284,0.04582706285499021,HOBBIES
1714,HOBBIES_1_285,0.0818440096379399,HOBBIES
1715,HOBBIES_1_286,6.648754666940196,HOBBIES
1716,HOBBIES_1_287,1.5430088157809072,HOBBIES
1717,HOBBIES_1_288,15.882037003193267,HOBBIES
1718,HOBBIES_1_289,0.07946232011425972,HOBBIES
1719,HOBBIES_1_290,0.06363102575743297,HOBBIES
1720,HOBBIES_1_292,2.435208722930632,HOBBIES
1721,HOBBIES_1_293,1.210778700205709,HOBBIES
1722,HOBBIES_1_294,1.2296170790305503,HOBBIES
1723,HOBBIES_1_295,8.078631475268534,HOBBIES
1724,HOBBIES_1_296,5.368618720172821,HOBBIES
1725,HOBBIES_1_297,9.444083244369772,HOBBIES
1726,HOBBIES_1_298,0.04183986508386544,HOBBIES
1727,HOBBIES_1_299,3.3934338431910094,HOBBIES
1728,HOBBIES_1_300,2.276982900989258,HOBBIES
1729,HOBBIES_1_301,8.046570115827276,HOBBIES
1730,HOBBIES_1_302,0.7825496392798222,HOBBIES
1731,HOBBIES_1_303,10.61634342766063,HOBBIES
1732,HOBBIES_1_304,0.049128237243003255,HOBBIES
1733,HOBBIES_1_305,0.028115776300972877,HOBBIES
1734,HOBBIES_1_306,0.11803567586903385,HOBBIES
1735,HOBBIES_1_307,0.0397540818136607,HOBBIES
1736,HOBBIES_1_308,0.10819726350632296,HOBBIES
1737,HOBBIES_1_309,10.535762644322471,HOBBIES
1738,HOBBIES_1_310,0.07608559686899252,HOBBIES
1739,HOBBIES_1_311,0.17050955019831335,HOBBIES
1740,HOBBIES_1_312,8.521497002478977,HOBBIES
1741,HOBBIES_1_313,0.024443882625950517,HOBBIES
1742,HOBBIES_1_314,0.044433643354882896,HOBBIES
1743,HOBBIES_1_315,4.3036051997231,HOBBIES
1744,HOBBIES_1_316,1.608843070674123,HOBBIES
1745,HOBBIES_1_317,0.12913797393617812,HOBBIES
1746,HOBBIES_1_318,0.046828573550854194,HOBBIES
1747,HOBBIES_1_319,12.557161409338747,HOBBIES
1748,HOBBIES_1_320,0.2069665566485772,HOBBIES
1749,HOBBIES_1_321,9.965896440669006,HOBBIES
1750,HOBBIES_1_322,1.4105109386330068,HOBBIES
1751,HOBBIES_1_323,0.7649823162537353,HOBBIES
1752,HOBBIES_1_324,18.772022526697572,HOBBIES
1753,HOBBIES_1_325,0.600824534908975,HOBBIES
1754,HOBBIES_1_326,0.028415584735653518,HOBBIES
1755,HOBBIES_1_327,0.18040086681416087,HOBBIES
1756,HOBBIES_1_328,0.10852729607829187,HOBBIES
1757,HOBBIES_1_329,1.4528511482616149,HOBBIES
1758,HOBBIES_1_330,7.139157600020169,HOBBIES
1759,HOBBIES_1_331,0.7873402291826725,HOBBIES
1760,HOBBIES_1_332,3.9896608114950265,HOBBIES
1761,HOBBIES_1_333,1.8622231103836822,HOBBIES
1762,HOBBIES_1_334,2.6622264450054156,HOBBIES
1763,HOBBIES_1_335,0.041525973975457105,HOBBIES
1764,HOBBIES_1_336,0.17886800356079627,HOBBIES
1765,HOBBIES_1_337,31.00976320435194,HOBBIES
1766,HOBBIES_1_338,23.492013475154558,HOBBIES
1767,HOBBIES_1_339,9.422571606615715,HOBBIES
1768,HOBBIES_1_340,5.641714783922215,HOBBIES
1769,HOBBIES_1_341,3.3865929072239953,HOBBIES
1770,HOBBIES_1_342,2.6208599125773118,HOBBIES
1771,HOBBIES_1_343,0.09060082310350324,HOBBIES
1772,HOBBIES_1_344,1.000237632935282,HOBBIES
1773,HOBBIES_1_345,24.034515480806487,HOBBIES
1774,HOBBIES_1_346,3.3707461830663576,HOBBIES
1775,HOBBIES_1_347,3.9118513867130593,HOBBIES
1776,HOBBIES_1_348,0.6466968816851114,HOBBIES
1777,HOBBIES_1_349,0.0842109500128094,HOBBIES
1778,HOBBIES_1_350,0.029815060856888478,HOBBIES
1779,HOBBIES_1_351,0.08767939156404114,HOBBIES
1780,HOBBIES_1_352,0.3711134015830368,HOBBIES
1781,HOBBIES_1_353,30.97320499333305,HOBBIES
1782,HOBBIES_1_354,18.85061263498681,HOBBIES
1783,HOBBIES_1_355,0.04854563317881282,HOBBIES
1784,HOBBIES_1_356,0.09453048014510693,HOBBIES
1785,HOBBIES_1_357,18.277942462117423,HOBBIES
1786,HOBBIES_1_358,2.381939638112844,HOBBIES
1787,HOBBIES_1_359,0.01579339244396506,HOBBIES
1788,HOBBIES_1_360,0.1515107957512869,HOBBIES
1789,HOBBIES_1_361,16.9247092093034,HOBBIES
1790,HOBBIES_1_362,0.6669379358088373,HOBBIES
1791,HOBBIES_1_363,0.7949892191682733,HOBBIES
1792,HOBBIES_1_364,2.59552936364714,HOBBIES
1793,HOBBIES_1_365,1.875244445855693,HOBBIES
1794,HOBBIES_1_366,1.5856292031018733,HOBBIES
1795,HOBBIES_1_367,0.3803292757210464,HOBBIES
1796,HOBBIES_1_368,1.3758722994169128,HOBBIES
1797,HOBBIES_1_369,33.04822153734165,HOBBIES
1798,HOBBIES_1_370,0.04384070912871639,HOBBIES
1799,HOBBIES_1_371,3.2159603876819998,HOBBIES
1800,HOBBIES_1_372,8.177174599301495,HOBBIES
1801,HOBBIES_1_373,0.359815569245952,HOBBIES
1802,HOBBIES_1_374,16.552948074391256,HOBBIES
1803,HOBBIES_1_375,0.07657731627552512,HOBBIES
1804,HOBBIES_1_376,5.363865559655627,HOBBIES
1805,HOBBIES_1_377,0.12063145438235974,HOBBIES
1806,HOBBIES_1_378,3.5461251300776913,HOBBIES
1807,HOBBIES_1_379,5.217264517266961,HOBBIES
1808,HOBBIES_1_380,2.454073914669637,HOBBIES
1809,HOBBIES_1_381,3.492221443222549,HOBBIES
1810,HOBBIES_1_382,0.7827419881994354,HOBBIES
1811,HOBBIES_1_383,4.098046857129073,HOBBIES
1812,HOBBIES_1_384,0.08317514203431692,HOBBIES
1813,HOBBIES_1_385,0.2160671965142654,HOBBIES
1814,HOBBIES_1_386,10.8127070047838,HOBBIES
1815,HOBBIES_1_387,20.351781428716926,HOBBIES
1816,HOBBIES_1_388,5.666985530447413,HOBBIES
1817,HOBBIES_1_389,9.519540260301223,HOBBIES
1818,HOBBIES_1_390,5.455936956898446,HOBBIES
1819,HOBBIES_1_391,0.036406489206237534,HOBBIES
1820,HOBBIES_1_392,17.72249247378281,HOBBIES
1821,HOBBIES_1_393,0.2923549560468585,HOBBIES
1822,HOBBIES_1_394,7.155604223440841,HOBBIES
1823,HOBBIES_1_395,0.4302593677918052,HOBBIES
1824,HOBBIES_1_396,3.783310918237322,HOBBIES
1825,HOBBIES_1_397,3.0797937126071986,HOBBIES
1826,HOBBIES_1_398,10.334902438913346,HOBBIES
1827,HOBBIES_1_399,0.03795656360197615,HOBBIES
1828,HOBBIES_1_400,1.0042007503987074,HOBBIES
1829,HOBBIES_1_401,0.03983583313774034,HOBBIES
1830,HOBBIES_1_402,9.498448556416623,HOBBIES
1831,HOBBIES_1_403,0.717697688806453,HOBBIES
1832,HOBBIES_1_404,0.03965168261566561,HOBBIES
1833,HOBBIES_1_405,0.15892928508186674,HOBBIES
1834,HOBBIES_1_406,0.1068311939983012,HOBBIES
1835,HOBBIES_1_407,0.7454634302501671,HOBBIES
1836,HOBBIES_1_408,3.568081690911207,HOBBIES
1837,HOBBIES_1_409,15.04361474875799,HOBBIES
1838,HOBBIES_1_410,18.13685340247168,HOBBIES
1839,HOBBIES_1_411,0.484429137722493,HOBBIES
1840,HOBBIES_1_412,0.04415470867789771,HOBBIES
1841,HOBBIES_1_413,0.0745903731188761,HOBBIES
1842,HOBBIES_1_414,0.09831557269125069,HOBBIES
1843,HOBBIES_1_415,0.16560813668645222,HOBBIES
1844,HOBBIES_1_416,4.6445895888748865,HOBBIES
1845,HOBBIES_1_417,3.222324846951787,HOBBIES
1846,HOBBIES_1_418,4.313150585273606,HOBBIES
1847,HOBBIES_1_419,4.4493074114235736,HOBBIES
1848,HOBBIES_1_420,0.3206832060854387,HOBBIES
1849,HOBBIES_1_421,5.800998592088833,HOBBIES
1850,HOBBIES_1_422,0.23733888804873973,HOBBIES
1851,HOBBIES_1_423,0.19413167120049812,HOBBIES
1852,HOBBIES_1_424,0.14449721030515658,HOBBIES
1853,HOBBIES_2_001,2.3184007213311344,HOBBIES
1854,HOBBIES_2_002,0.022721588621094062,HOBBIES
1855,HOBBIES_2_003,0.020357697129340203,HOBBIES
1856,HOBBIES_2_004,4.007774051598148,HOBBIES
1857,HOBBIES_2_005,0.09924178564903743,HOBBIES
1858,HOBBIES_2_006,7.030024083686937,HOBBIES
1859,HOBBIES_2_007,1.8830408358572712,HOBBIES
1860,HOBBIES_2_008,0.10955182549912663,HOBBIES
1861,HOBBIES_2_009,0.08688469500582162,HOBBIES
1862,HOBBIES_2_010,0.010300413786280806,HOBBIES
1863,HOBBIES_2_011,3.375131288671442,HOBBIES
1864,HOBBIES_2_012,0.030987221645393106,HOBBIES
1865,HOBBIES_2_013,0.019200657529907725,HOBBIES
1866,HOBBIES_2_014,0.3443715504684026,HOBBIES
1867,HOBBIES_2_015,0.01706340123708985,HOBBIES
1868,HOBBIES_2_016,0.6168619632033717,HOBBIES
1869,HOBBIES_2_017,0.18316236904815322,HOBBIES
1870,HOBBIES_2_018,4.795904442496465,HOBBIES
1871,HOBBIES_2_019,0.1310300401213433,HOBBIES
1872,HOBBIES_2_020,1.627294061278198,HOBBIES
1873,HOBBIES_2_021,0.4044010565617559,HOBBIES
1874,HOBBIES_2_022,2.6942709912767477,HOBBIES
1875,HOBBIES_2_023,0.00929088180352289,HOBBIES
1876,HOBBIES_2_024,0.7217352243418119,HOBBIES
1877,HOBBIES_2_025,0.005883119431067418,HOBBIES
1878,HOBBIES_2_026,0.31880161110981137,HOBBIES
1879,HOBBIES_2_027,0.31977400402392,HOBBIES
1880,HOBBIES_2_028,0.072507252812255,HOBBIES
1881,HOBBIES_2_029,0.026955872625015923,HOBBIES
1882,HOBBIES_2_030,0.28527478393841404,HOBBIES
1883,HOBBIES_2_031,5.321912242634073,HOBBIES
1884,HOBBIES_2_032,5.943033478485426,HOBBIES
1885,HOBBIES_2_033,3.654706252001839,HOBBIES
1886,HOBBIES_2_034,3.0759036829399546,HOBBIES
1887,HOBBIES_2_035,0.04123315681064341,HOBBIES
1888,HOBBIES_2_036,3.113811284643122,HOBBIES
1889,HOBBIES_2_037,0.010003491313614622,HOBBIES
1890,HOBBIES_2_038,0.00979822968070439,HOBBIES
1891,HOBBIES_2_039,0.187615297185966,HOBBIES
1892,HOBBIES_2_040,0.02710163645171173,HOBBIES
1893,HOBBIES_2_041,0.43504860922968064,HOBBIES
1894,HOBBIES_2_042,2.933730776053747,HOBBIES
1895,HOBBIES_2_043,0.022041567368902223,HOBBIES
1896,HOBBIES_2_044,0.054085790535599115,HOBBIES
1897,HOBBIES_2_045,1.7719367833535962,HOBBIES
1898,HOBBIES_2_046,1.7034527668535873,HOBBIES
1899,HOBBIES_2_047,0.014474711810822601,HOBBIES
1900,HOBBIES_2_048,0.052262886441306056,HOBBIES
1901,HOBBIES_2_049,2.055225558297471,HOBBIES
1902,HOBBIES_2_050,0.020308168743900304,HOBBIES
1903,HOBBIES_2_051,0.023018834823872503,HOBBIES
1904,HOBBIES_2_052,0.022762832097425082,HOBBIES
1905,HOBBIES_2_053,0.5613617854632232,HOBBIES
1906,HOBBIES_2_054,1.6794181897942833,HOBBIES
1907,HOBBIES_2_055,0.017435634524693305,HOBBIES
1908,HOBBIES_2_056,1.5790668375977452,HOBBIES
1909,HOBBIES_2_057,0.019809682960124468,HOBBIES
1910,HOBBIES_2_058,0.196359963098609,HOBBIES
1911,HOBBIES_2_059,1.5320384346183582,HOBBIES
1912,HOBBIES_2_060,0.619753548928812,HOBBIES
1913,HOBBIES_2_061,1.5238957923246115,HOBBIES
1914,HOBBIES_2_062,2.3446937801852337,HOBBIES
1915,HOBBIES_2_063,0.12004913171458033,HOBBIES
1916,HOBBIES_2_064,0.4043968311472728,HOBBIES
1917,HOBBIES_2_065,0.005216299573827414,HOBBIES
1918,HOBBIES_2_066,2.4678269793445704,HOBBIES
1919,HOBBIES_2_067,1.1787024305781684,HOBBIES
1920,HOBBIES_2_068,2.785378507266725,HOBBIES
1921,HOBBIES_2_069,1.966046858462853,HOBBIES
1922,HOBBIES_2_070,2.056820242466901,HOBBIES
1923,HOBBIES_2_071,0.009605268604446599,HOBBIES
1924,HOBBIES_2_072,0.07702870082549595,HOBBIES
1925,HOBBIES_2_073,0.3121629574576532,HOBBIES
1926,HOBBIES_2_074,0.0793215918737974,HOBBIES
1927,HOBBIES_2_075,6.4512597655149495,HOBBIES
1928,HOBBIES_2_076,0.31828923753817656,HOBBIES
1929,HOBBIES_2_077,0.5914957005337504,HOBBIES
1930,HOBBIES_2_078,6.194434338097299,HOBBIES
1931,HOBBIES_2_079,0.3027621650990544,HOBBIES
1932,HOBBIES_2_080,0.03568070567650025,HOBBIES
1933,HOBBIES_2_081,0.7680051729899856,HOBBIES
1934,HOBBIES_2_082,0.5617659876892189,HOBBIES
1935,HOBBIES_2_083,1.7646322679036084,HOBBIES
1936,HOBBIES_2_084,0.059521640056669795,HOBBIES
1937,HOBBIES_2_085,0.42034786059654333,HOBBIES
1938,HOBBIES_2_086,0.020626953886353532,HOBBIES
1939,HOBBIES_2_087,0.9477880519571618,HOBBIES
1940,HOBBIES_2_088,1.0766222197092432,HOBBIES
1941,HOBBIES_2_089,0.02532365610575684,HOBBIES
1942,HOBBIES_2_090,0.015833236182814674,HOBBIES
1943,HOBBIES_2_091,2.6834825773802478,HOBBIES
1944,HOBBIES_2_092,1.996045752987814,HOBBIES
1945,HOBBIES_2_093,1.2661309559361198,HOBBIES
1946,HOBBIES_2_094,1.2082298441693704,HOBBIES
1947,HOBBIES_2_095,0.015924020679891945,HOBBIES
1948,HOBBIES_2_096,0.05231938736138101,HOBBIES
1949,HOBBIES_2_097,1.2490973215052221,HOBBIES
1950,HOBBIES_2_098,1.8121219957807295,HOBBIES
1951,HOBBIES_2_099,0.009885960583507582,HOBBIES
1952,HOBBIES_2_100,0.014685879740484369,HOBBIES
1953,HOBBIES_2_101,0.005636247829643602,HOBBIES
1954,HOBBIES_2_102,0.05985330996713058,HOBBIES
1955,HOBBIES_2_103,1.0162211758024104,HOBBIES
1956,HOBBIES_2_104,0.030468131582806642,HOBBIES
1957,HOBBIES_2_105,0.14632861330960434,HOBBIES
1958,HOBBIES_2_106,0.007475346815106701,HOBBIES
1959,HOBBIES_2_107,0.13633871927686905,HOBBIES
1960,HOBBIES_2_108,0.025773010478154283,HOBBIES
1961,HOBBIES_2_109,0.6138820283650516,HOBBIES
1962,HOBBIES_2_110,0.05162337142184964,HOBBIES
1963,HOBBIES_2_111,0.03657972317347598,HOBBIES
1964,HOBBIES_2_112,0.07396714997376123,HOBBIES
1965,HOBBIES_2_113,0.10356752808158884,HOBBIES
1966,HOBBIES_2_114,0.0195889398802987,HOBBIES
1967,HOBBIES_2_115,0.0477849710107377,HOBBIES
1968,HOBBIES_2_116,1.0328224174767289,HOBBIES
1969,HOBBIES_2_117,6.596280155079777,HOBBIES
1970,HOBBIES_2_118,0.07271946014029879,HOBBIES
1971,HOBBIES_2_119,0.3749388207911176,HOBBIES
1972,HOBBIES_2_120,2.337688919705344,HOBBIES
1973,HOBBIES_2_121,0.22976092277399787,HOBBIES
1974,HOBBIES_2_122,0.01730359282739208,HOBBIES
1975,HOBBIES_2_123,0.1757079467032934,HOBBIES
1976,HOBBIES_2_124,0.7237862352078364,HOBBIES
1977,HOBBIES_2_125,0.009267264128032152,HOBBIES
1978,HOBBIES_2_126,0.006736853217034439,HOBBIES
1979,HOBBIES_2_127,0.040574910872434235,HOBBIES
1980,HOBBIES_2_128,2.0674495124497683,HOBBIES
1981,HOBBIES_2_129,0.006934125971714508,HOBBIES
1982,HOBBIES_2_130,0.29775305382305994,HOBBIES
1983,HOBBIES_2_131,14.648535266716568,HOBBIES
1984,HOBBIES_2_132,3.307197919628062,HOBBIES
1985,HOBBIES_2_133,1.3769976943954951,HOBBIES
1986,HOBBIES_2_134,0.3340822501107956,HOBBIES
1987,HOBBIES_2_135,0.004690571553416546,HOBBIES
1988,HOBBIES_2_136,0.025608235198286314,HOBBIES
1989,HOBBIES_2_137,5.3081056486317015,HOBBIES
1990,HOBBIES_2_138,0.09068790639746095,HOBBIES
1991,HOBBIES_2_139,0.16031963684280903,HOBBIES
1992,HOBBIES_2_140,0.04281521066222846,HOBBIES
1993,HOBBIES_2_141,0.006978654841715952,HOBBIES
1994,HOBBIES_2_142,0.17319902879444476,HOBBIES
1995,HOBBIES_2_143,0.00919763532063447,HOBBIES
1996,HOBBIES_2_144,0.006419724459719042,HOBBIES
1997,HOBBIES_2_145,0.049136968356461135,HOBBIES
1998,HOBBIES_2_146,0.01925013768705655,HOBBIES
1999,HOBBIES_2_147,0.01259599346802847,HOBBIES
2000,HOBBIES_2_148,3.4174292347691946,HOBBIES
2001,HOBBIES_2_149,1.0560049204717998,HOBBIES
2002,HOUSEHOLD_1_001,3.476370210170423,HOUSEHOLD
2003,HOUSEHOLD_1_002,0.09267328769754975,HOUSEHOLD
2004,HOUSEHOLD_1_003,0.18252219009408108,HOUSEHOLD
2005,HOUSEHOLD_1_004,7.965793753863348,HOUSEHOLD
2006,HOUSEHOLD_1_005,10.736467489549764,HOUSEHOLD
2007,HOUSEHOLD_1_006,0.17888575021266778,HOUSEHOLD
2008,HOUSEHOLD_1_007,2.2568532482695782,HOUSEHOLD
2009,HOUSEHOLD_1_008,0.19438110075376017,HOUSEHOLD
2010,HOUSEHOLD_1_009,16.702682588378227,HOUSEHOLD
2011,HOUSEHOLD_1_010,0.0505786951136168,HOUSEHOLD
2012,HOUSEHOLD_1_011,0.1363591015766671,HOUSEHOLD
2013,HOUSEHOLD_1_012,13.397204901806765,HOUSEHOLD
2014,HOUSEHOLD_1_013,22.653353099433687,HOUSEHOLD
2015,HOUSEHOLD_1_014,11.676779386843231,HOUSEHOLD
2016,HOUSEHOLD_1_015,0.05613779290000971,HOUSEHOLD
2017,HOUSEHOLD_1_016,15.364661094142175,HOUSEHOLD
2018,HOUSEHOLD_1_017,4.201411806792752,HOUSEHOLD
2019,HOUSEHOLD_1_018,0.1990333285387253,HOUSEHOLD
2020,HOUSEHOLD_1_019,1.3876398381113355,HOUSEHOLD
2021,HOUSEHOLD_1_020,0.37606323247676304,HOUSEHOLD
2022,HOUSEHOLD_1_021,1.9550020899894869,HOUSEHOLD
2023,HOUSEHOLD_1_022,0.28115143707032775,HOUSEHOLD
2024,HOUSEHOLD_1_023,9.96900478264495,HOUSEHOLD
2025,HOUSEHOLD_1_024,0.8234750026649732,HOUSEHOLD
2026,HOUSEHOLD_1_025,0.05012721700549699,HOUSEHOLD
2027,HOUSEHOLD_1_026,2.2923295971354833,HOUSEHOLD
2028,HOUSEHOLD_1_027,6.696693318459772,HOUSEHOLD
2029,HOUSEHOLD_1_028,3.840149759122498,HOUSEHOLD
2030,HOUSEHOLD_1_029,0.12166063789921257,HOUSEHOLD
2031,HOUSEHOLD_1_030,0.07704262752721099,HOUSEHOLD
2032,HOUSEHOLD_1_032,32.698036516279004,HOUSEHOLD
2033,HOUSEHOLD_1_033,1.7793166054613938,HOUSEHOLD
2034,HOUSEHOLD_1_034,0.06826019831339618,HOUSEHOLD
2035,HOUSEHOLD_1_035,0.0798980707905691,HOUSEHOLD
2036,HOUSEHOLD_1_036,0.5075777887760387,HOUSEHOLD
2037,HOUSEHOLD_1_037,1.1421823604016623,HOUSEHOLD
2038,HOUSEHOLD_1_038,0.9295253294545791,HOUSEHOLD
2039,HOUSEHOLD_1_039,2.7614889205473885,HOUSEHOLD
2040,HOUSEHOLD_1_040,5.358479160397547,HOUSEHOLD
2041,HOUSEHOLD_1_042,37.57042789966574,HOUSEHOLD
2042,HOUSEHOLD_1_043,1.1129680212908766,HOUSEHOLD
2043,HOUSEHOLD_1_044,3.1832286173254087,HOUSEHOLD
2044,HOUSEHOLD_1_045,1.7155884069732474,HOUSEHOLD
2045,HOUSEHOLD_1_046,14.881599872533466,HOUSEHOLD
2046,HOUSEHOLD_1_047,1.4899192106073351,HOUSEHOLD
2047,HOUSEHOLD_1_048,2.267912415314445,HOUSEHOLD
2048,HOUSEHOLD_1_049,0.10254179254706418,HOUSEHOLD
2049,HOUSEHOLD_1_050,0.8475130090147995,HOUSEHOLD
2050,HOUSEHOLD_1_051,4.525726671180916,HOUSEHOLD
2051,HOUSEHOLD_1_052,3.233774319388343,HOUSEHOLD
2052,HOUSEHOLD_1_053,31.6414359806402,HOUSEHOLD
2053,HOUSEHOLD_1_054,1.506526724970208,HOUSEHOLD
2054,HOUSEHOLD_1_055,2.0093018433412224,HOUSEHOLD
2055,HOUSEHOLD_1_056,0.15607673139838937,HOUSEHOLD
2056,HOUSEHOLD_1_057,0.024525951579873938,HOUSEHOLD
2057,HOUSEHOLD_1_058,0.11303718641630278,HOUSEHOLD
2058,HOUSEHOLD_1_059,0.06205367740607424,HOUSEHOLD
2059,HOUSEHOLD_1_060,8.991877178229634,HOUSEHOLD
2060,HOUSEHOLD_1_061,1.471603508863921,HOUSEHOLD
2061,HOUSEHOLD_1_062,0.8853103128972079,HOUSEHOLD
2062,HOUSEHOLD_1_063,1.2779298316113061,HOUSEHOLD
2063,HOUSEHOLD_1_064,9.101536683853828,HOUSEHOLD
2064,HOUSEHOLD_1_065,0.023060818921347585,HOUSEHOLD
2065,HOUSEHOLD_1_066,2.2214991420422447,HOUSEHOLD
2066,HOUSEHOLD_1_067,0.11620331671489095,HOUSEHOLD
2067,HOUSEHOLD_1_068,31.049094040465242,HOUSEHOLD
2068,HOUSEHOLD_1_069,0.3582167668466697,HOUSEHOLD
2069,HOUSEHOLD_1_070,10.123978992867869,HOUSEHOLD
2070,HOUSEHOLD_1_071,6.15217201530282,HOUSEHOLD
2071,HOUSEHOLD_1_072,6.1696036235255365,HOUSEHOLD
2072,HOUSEHOLD_1_073,3.17954250951407,HOUSEHOLD
2073,HOUSEHOLD_1_074,2.4440924523999876,HOUSEHOLD
2074,HOUSEHOLD_1_075,0.7852333392996579,HOUSEHOLD
2075,HOUSEHOLD_1_076,0.06609291613188939,HOUSEHOLD
2076,HOUSEHOLD_1_077,1.7110880416542487,HOUSEHOLD
2077,HOUSEHOLD_1_078,0.05062718175580909,HOUSEHOLD
2078,HOUSEHOLD_1_079,2.598402671521015,HOUSEHOLD
2079,HOUSEHOLD_1_080,0.14310810147393563,HOUSEHOLD
2080,HOUSEHOLD_1_081,0.7070002210427755,HOUSEHOLD
2081,HOUSEHOLD_1_082,24.18302155672097,HOUSEHOLD
2082,HOUSEHOLD_1_083,0.028175488247934057,HOUSEHOLD
2083,HOUSEHOLD_1_085,0.7279026882821399,HOUSEHOLD
2084,HOUSEHOLD_1_086,5.823366709938937,HOUSEHOLD
2085,HOUSEHOLD_1_087,5.3650212073852535,HOUSEHOLD
2086,HOUSEHOLD_1_088,3.6532277815600116,HOUSEHOLD
2087,HOUSEHOLD_1_089,4.270141267786244,HOUSEHOLD
2088,HOUSEHOLD_1_090,4.374147750277628,HOUSEHOLD
2089,HOUSEHOLD_1_091,2.602440363633197,HOUSEHOLD
2090,HOUSEHOLD_1_092,0.8593937285079237,HOUSEHOLD
2091,HOUSEHOLD_1_093,4.728777082610199,HOUSEHOLD
2092,HOUSEHOLD_1_094,2.4550634218352507,HOUSEHOLD
2093,HOUSEHOLD_1_095,0.07944580027014388,HOUSEHOLD
2094,HOUSEHOLD_1_096,3.7263054640506392,HOUSEHOLD
2095,HOUSEHOLD_1_097,1.0609109285750282,HOUSEHOLD
2096,HOUSEHOLD_1_098,5.09591810369147,HOUSEHOLD
2097,HOUSEHOLD_1_099,0.5134755767349731,HOUSEHOLD
2098,HOUSEHOLD_1_100,0.18864464531684402,HOUSEHOLD
2099,HOUSEHOLD_1_101,1.2989926555971607,HOUSEHOLD
2100,HOUSEHOLD_1_102,6.7195584578811856,HOUSEHOLD
2101,HOUSEHOLD_1_103,5.1138599799756586,HOUSEHOLD
2102,HOUSEHOLD_1_104,0.03758911568563595,HOUSEHOLD
2103,HOUSEHOLD_1_105,0.7290155275401422,HOUSEHOLD
2104,HOUSEHOLD_1_106,0.36504539496477917,HOUSEHOLD
2105,HOUSEHOLD_1_107,1.755153185130795,HOUSEHOLD
2106,HOUSEHOLD_1_108,0.1797633190271564,HOUSEHOLD
2107,HOUSEHOLD_1_109,2.4578547309430987,HOUSEHOLD
2108,HOUSEHOLD_1_110,7.907295452153375,HOUSEHOLD
2109,HOUSEHOLD_1_112,3.735729548550025,HOUSEHOLD
2110,HOUSEHOLD_1_113,1.8789109512051567,HOUSEHOLD
2111,HOUSEHOLD_1_114,0.3308525355692809,HOUSEHOLD
2112,HOUSEHOLD_1_115,1.3748728028960822,HOUSEHOLD
2113,HOUSEHOLD_1_116,0.048836357787463286,HOUSEHOLD
2114,HOUSEHOLD_1_117,1.478226539367774,HOUSEHOLD
2115,HOUSEHOLD_1_118,0.4998970152787046,HOUSEHOLD
2116,HOUSEHOLD_1_119,3.802765234037702,HOUSEHOLD
2117,HOUSEHOLD_1_120,0.33192589075300144,HOUSEHOLD
2118,HOUSEHOLD_1_121,1.77784469474234,HOUSEHOLD
2119,HOUSEHOLD_1_122,0.4944882995527912,HOUSEHOLD
2120,HOUSEHOLD_1_123,15.941795122617249,HOUSEHOLD
2121,HOUSEHOLD_1_124,0.05531268576349761,HOUSEHOLD
2122,HOUSEHOLD_1_125,1.0711983939075962,HOUSEHOLD
2123,HOUSEHOLD_1_126,4.492118286907171,HOUSEHOLD
2124,HOUSEHOLD_1_127,0.08926278820742847,HOUSEHOLD
2125,HOUSEHOLD_1_128,0.20605809197829408,HOUSEHOLD
2126,HOUSEHOLD_1_129,0.102413266448589,HOUSEHOLD
2127,HOUSEHOLD_1_130,5.14528901213467,HOUSEHOLD
2128,HOUSEHOLD_1_131,3.8589930322772297,HOUSEHOLD
2129,HOUSEHOLD_1_132,8.341907851440553,HOUSEHOLD
2130,HOUSEHOLD_1_133,0.06426197858113751,HOUSEHOLD
2131,HOUSEHOLD_1_134,0.06699141935253664,HOUSEHOLD
2132,HOUSEHOLD_1_135,0.6350796883697711,HOUSEHOLD
2133,HOUSEHOLD_1_136,0.10463822576746043,HOUSEHOLD
2134,HOUSEHOLD_1_137,9.266692083403573,HOUSEHOLD
2135,HOUSEHOLD_1_138,2.76098120878842,HOUSEHOLD
2136,HOUSEHOLD_1_139,1.4882038066320504,HOUSEHOLD
2137,HOUSEHOLD_1_140,18.36685879775171,HOUSEHOLD
2138,HOUSEHOLD_1_141,1.754114507917664,HOUSEHOLD
2139,HOUSEHOLD_1_142,10.016432974785024,HOUSEHOLD
2140,HOUSEHOLD_1_143,0.16388997234683955,HOUSEHOLD
2141,HOUSEHOLD_1_144,1.8374633983170883,HOUSEHOLD
2142,HOUSEHOLD_1_145,4.000442178781319,HOUSEHOLD
2143,HOUSEHOLD_1_146,0.14717596359356444,HOUSEHOLD
2144,HOUSEHOLD_1_147,0.7592333042085752,HOUSEHOLD
2145,HOUSEHOLD_1_148,0.654656943936258,HOUSEHOLD
2146,HOUSEHOLD_1_149,0.028940686283620242,HOUSEHOLD
2147,HOUSEHOLD_1_150,0.12290270084102341,HOUSEHOLD
2148,HOUSEHOLD_1_151,4.843021021329807,HOUSEHOLD
2149,HOUSEHOLD_1_152,34.40337511485096,HOUSEHOLD
2150,HOUSEHOLD_1_153,4.310215145024093,HOUSEHOLD
2151,HOUSEHOLD_1_154,1.957946357956485,HOUSEHOLD
2152,HOUSEHOLD_1_155,3.9104085283595893,HOUSEHOLD
2153,HOUSEHOLD_1_156,6.287489517740672,HOUSEHOLD
2154,HOUSEHOLD_1_157,0.06597402857078036,HOUSEHOLD
2155,HOUSEHOLD_1_158,5.347050859363775,HOUSEHOLD
2156,HOUSEHOLD_1_159,0.10948093387411219,HOUSEHOLD
2157,HOUSEHOLD_1_160,12.518286137989708,HOUSEHOLD
2158,HOUSEHOLD_1_161,2.456352606970392,HOUSEHOLD
2159,HOUSEHOLD_1_162,0.20146788435670362,HOUSEHOLD
2160,HOUSEHOLD_1_163,10.551093040036204,HOUSEHOLD
2161,HOUSEHOLD_1_164,0.07710944363622939,HOUSEHOLD
2162,HOUSEHOLD_1_165,2.604180710396742,HOUSEHOLD
2163,HOUSEHOLD_1_166,4.179826385495057,HOUSEHOLD
2164,HOUSEHOLD_1_167,1.9528490050671012,HOUSEHOLD
2165,HOUSEHOLD_1_168,0.05133649720365621,HOUSEHOLD
2166,HOUSEHOLD_1_169,30.891970325393956,HOUSEHOLD
2167,HOUSEHOLD_1_170,3.2329120841981656,HOUSEHOLD
2168,HOUSEHOLD_1_171,1.3618059047448752,HOUSEHOLD
2169,HOUSEHOLD_1_172,0.5227341417764619,HOUSEHOLD
2170,HOUSEHOLD_1_173,0.04339497684759315,HOUSEHOLD
2171,HOUSEHOLD_1_174,0.08035818457166062,HOUSEHOLD
2172,HOUSEHOLD_1_175,2.542912632121761,HOUSEHOLD
2173,HOUSEHOLD_1_176,0.053910934653108124,HOUSEHOLD
2174,HOUSEHOLD_1_177,7.6215256095046575,HOUSEHOLD
2175,HOUSEHOLD_1_178,0.8579068308257091,HOUSEHOLD
2176,HOUSEHOLD_1_179,10.130604575801708,HOUSEHOLD
2177,HOUSEHOLD_1_180,5.437748708918885,HOUSEHOLD
2178,HOUSEHOLD_1_181,1.8081215359398348,HOUSEHOLD
2179,HOUSEHOLD_1_182,1.2251539192931904,HOUSEHOLD
2180,HOUSEHOLD_1_183,3.8084604619031937,HOUSEHOLD
2181,HOUSEHOLD_1_184,0.1947394571566871,HOUSEHOLD
2182,HOUSEHOLD_1_185,2.0175874552845188,HOUSEHOLD
2183,HOUSEHOLD_1_186,3.6816688166553577,HOUSEHOLD
2184,HOUSEHOLD_1_187,3.8923555656435087,HOUSEHOLD
2185,HOUSEHOLD_1_188,0.07306361516289346,HOUSEHOLD
2186,HOUSEHOLD_1_189,0.06045295625673312,HOUSEHOLD
2187,HOUSEHOLD_1_190,4.354556144101784,HOUSEHOLD
2188,HOUSEHOLD_1_191,2.4941011672465003,HOUSEHOLD
2189,HOUSEHOLD_1_192,0.04648925366342991,HOUSEHOLD
2190,HOUSEHOLD_1_193,0.07245807684420127,HOUSEHOLD
2191,HOUSEHOLD_1_194,3.1659741421504477,HOUSEHOLD
2192,HOUSEHOLD_1_195,1.3892353545140306,HOUSEHOLD
2193,HOUSEHOLD_1_196,14.090816149940103,HOUSEHOLD
2194,HOUSEHOLD_1_197,0.8221964204213811,HOUSEHOLD
2195,HOUSEHOLD_1_198,0.19987133376298735,HOUSEHOLD
2196,HOUSEHOLD_1_199,0.027476659545455546,HOUSEHOLD
2197,HOUSEHOLD_1_200,0.035264620350755685,HOUSEHOLD
2198,HOUSEHOLD_1_201,0.573157268204614,HOUSEHOLD
2199,HOUSEHOLD_1_202,0.44299196278703123,HOUSEHOLD
2200,HOUSEHOLD_1_203,8.049726850939177,HOUSEHOLD
2201,HOUSEHOLD_1_204,14.550303888267761,HOUSEHOLD
2202,HOUSEHOLD_1_205,0.09170769244780728,HOUSEHOLD
2203,HOUSEHOLD_1_206,0.07267672305128485,HOUSEHOLD
2204,HOUSEHOLD_1_207,0.08147671211382404,HOUSEHOLD
2205,HOUSEHOLD_1_208,0.2526761880265045,HOUSEHOLD
2206,HOUSEHOLD_1_209,1.2886964759707897,HOUSEHOLD
2207,HOUSEHOLD_1_210,1.842094412285109,HOUSEHOLD
2208,HOUSEHOLD_1_211,14.72183649287385,HOUSEHOLD
2209,HOUSEHOLD_1_212,3.412069502052157,HOUSEHOLD
2210,HOUSEHOLD_1_213,12.751716067634387,HOUSEHOLD
2211,HOUSEHOLD_1_214,0.36459650309429453,HOUSEHOLD
2212,HOUSEHOLD_1_215,1.0521980284618933,HOUSEHOLD
2213,HOUSEHOLD_1_216,1.2416494153735733,HOUSEHOLD
2214,HOUSEHOLD_1_217,0.7908524416245258,HOUSEHOLD
2215,HOUSEHOLD_1_218,2.2062739638629933,HOUSEHOLD
2216,HOUSEHOLD_1_219,5.993195052134959,HOUSEHOLD
2217,HOUSEHOLD_1_220,0.6853584696584983,HOUSEHOLD
2218,HOUSEHOLD_1_221,6.418181092593234,HOUSEHOLD
2219,HOUSEHOLD_1_222,123.7155950424939,HOUSEHOLD
2220,HOUSEHOLD_1_223,5.311565001308548,HOUSEHOLD
2221,HOUSEHOLD_1_224,2.1917851421992696,HOUSEHOLD
2222,HOUSEHOLD_1_225,0.2985096191859279,HOUSEHOLD
2223,HOUSEHOLD_1_226,5.312749942143212,HOUSEHOLD
2224,HOUSEHOLD_1_227,5.0797293899623766,HOUSEHOLD
2225,HOUSEHOLD_1_228,0.11306121809621196,HOUSEHOLD
2226,HOUSEHOLD_1_229,0.21618788665582442,HOUSEHOLD
2227,HOUSEHOLD_1_230,0.22711970243339483,HOUSEHOLD
2228,HOUSEHOLD_1_231,3.978848119801478,HOUSEHOLD
2229,HOUSEHOLD_1_232,1.295636235183329,HOUSEHOLD
2230,HOUSEHOLD_1_233,1.8743789894312781,HOUSEHOLD
2231,HOUSEHOLD_1_234,5.765296393989491,HOUSEHOLD
2232,HOUSEHOLD_1_235,0.08770026554643362,HOUSEHOLD
2233,HOUSEHOLD_1_236,0.628813748881847,HOUSEHOLD
2234,HOUSEHOLD_1_237,0.09605354479392647,HOUSEHOLD
2235,HOUSEHOLD_1_238,3.359628150230269,HOUSEHOLD
2236,HOUSEHOLD_1_239,0.07287827882042912,HOUSEHOLD
2237,HOUSEHOLD_1_241,0.13906311265355473,HOUSEHOLD
2238,HOUSEHOLD_1_242,1.111763505718066,HOUSEHOLD
2239,HOUSEHOLD_1_243,3.7732864878070567,HOUSEHOLD
2240,HOUSEHOLD_1_244,0.053997093152504005,HOUSEHOLD
2241,HOUSEHOLD_1_245,0.8889795068511266,HOUSEHOLD
2242,HOUSEHOLD_1_246,20.168983546452456,HOUSEHOLD
2243,HOUSEHOLD_1_247,1.2365213979144478,HOUSEHOLD
2244,HOUSEHOLD_1_248,0.10030070856878988,HOUSEHOLD
2245,HOUSEHOLD_1_249,1.9323378975357484,HOUSEHOLD
2246,HOUSEHOLD_1_250,0.9499497156408535,HOUSEHOLD
2247,HOUSEHOLD_1_251,0.5477484240261782,HOUSEHOLD
2248,HOUSEHOLD_1_252,8.771234804149737,HOUSEHOLD
2249,HOUSEHOLD_1_253,0.059661641214630995,HOUSEHOLD
2250,HOUSEHOLD_1_254,35.18012998504366,HOUSEHOLD
2251,HOUSEHOLD_1_255,2.4426854306580137,HOUSEHOLD
2252,HOUSEHOLD_1_256,2.4179624633048893,HOUSEHOLD
2253,HOUSEHOLD_1_257,0.7376437838150894,HOUSEHOLD
2254,HOUSEHOLD_1_258,0.03939920894231579,HOUSEHOLD
2255,HOUSEHOLD_1_259,7.938819506552029,HOUSEHOLD
2256,HOUSEHOLD_1_260,0.034497078778234026,HOUSEHOLD
2257,HOUSEHOLD_1_261,0.7087460711554149,HOUSEHOLD
2258,HOUSEHOLD_1_262,0.279591807233416,HOUSEHOLD
2259,HOUSEHOLD_1_263,0.0835043240889942,HOUSEHOLD
2260,HOUSEHOLD_1_264,2.4584431658605213,HOUSEHOLD
2261,HOUSEHOLD_1_265,1.1625710703787506,HOUSEHOLD
2262,HOUSEHOLD_1_266,0.3113924059320817,HOUSEHOLD
2263,HOUSEHOLD_1_267,0.13985121992754207,HOUSEHOLD
2264,HOUSEHOLD_1_268,8.429194620788648,HOUSEHOLD
2265,HOUSEHOLD_1_269,0.04197632992755841,HOUSEHOLD
2266,HOUSEHOLD_1_270,0.1282783211175394,HOUSEHOLD
2267,HOUSEHOLD_1_271,0.037400661899667405,HOUSEHOLD
2268,HOUSEHOLD_1_272,0.4905661586115609,HOUSEHOLD
2269,HOUSEHOLD_1_274,4.851491204600169,HOUSEHOLD
2270,HOUSEHOLD_1_275,2.3506276099890964,HOUSEHOLD
2271,HOUSEHOLD_1_276,0.49746009142227215,HOUSEHOLD
2272,HOUSEHOLD_1_277,1.9840433451497557,HOUSEHOLD
2273,HOUSEHOLD_1_278,1.3047348534973977,HOUSEHOLD
2274,HOUSEHOLD_1_279,2.0692867630903686,HOUSEHOLD
2275,HOUSEHOLD_1_280,3.964115338528141,HOUSEHOLD
2276,HOUSEHOLD_1_281,4.964913394991634,HOUSEHOLD
2277,HOUSEHOLD_1_282,2.1467646886497467,HOUSEHOLD
2278,HOUSEHOLD_1_283,4.275434097299244,HOUSEHOLD
2279,HOUSEHOLD_1_284,12.568198602811092,HOUSEHOLD
2280,HOUSEHOLD_1_285,1.6665878094418065,HOUSEHOLD
2281,HOUSEHOLD_1_286,1.8184905603760924,HOUSEHOLD
2282,HOUSEHOLD_1_287,8.27338898547945,HOUSEHOLD
2283,HOUSEHOLD_1_288,1.5981829188759964,HOUSEHOLD
2284,HOUSEHOLD_1_289,9.001875126803851,HOUSEHOLD
2285,HOUSEHOLD_1_290,2.8732828527770824,HOUSEHOLD
2286,HOUSEHOLD_1_291,5.694197019461132,HOUSEHOLD
2287,HOUSEHOLD_1_292,0.1314622942536931,HOUSEHOLD
2288,HOUSEHOLD_1_293,37.047400579420945,HOUSEHOLD
2289,HOUSEHOLD_1_294,3.19438971075741,HOUSEHOLD
2290,HOUSEHOLD_1_295,1.1316580021680924,HOUSEHOLD
2291,HOUSEHOLD_1_296,1.152136469429576,HOUSEHOLD
2292,HOUSEHOLD_1_297,0.07535161789090858,HOUSEHOLD
2293,HOUSEHOLD_1_298,0.08621246410740957,HOUSEHOLD
2294,HOUSEHOLD_1_299,4.385865451776592,HOUSEHOLD
2295,HOUSEHOLD_1_300,1.5889515715941622,HOUSEHOLD
2296,HOUSEHOLD_1_301,11.717838988919079,HOUSEHOLD
2297,HOUSEHOLD_1_302,3.416026853925902,HOUSEHOLD
2298,HOUSEHOLD_1_303,10.582565386772721,HOUSEHOLD
2299,HOUSEHOLD_1_304,3.742651667743346,HOUSEHOLD
2300,HOUSEHOLD_1_305,0.9485633405569005,HOUSEHOLD
2301,HOUSEHOLD_1_306,0.5085574687074494,HOUSEHOLD
2302,HOUSEHOLD_1_307,8.68199890313966,HOUSEHOLD
2303,HOUSEHOLD_1_308,0.11202248744573086,HOUSEHOLD
2304,HOUSEHOLD_1_309,2.4026911835097935,HOUSEHOLD
2305,HOUSEHOLD_1_310,2.9127879874418117,HOUSEHOLD
2306,HOUSEHOLD_1_311,4.32974088039882,HOUSEHOLD
2307,HOUSEHOLD_1_312,0.8687697120309892,HOUSEHOLD
2308,HOUSEHOLD_1_313,2.2644309790868524,HOUSEHOLD
2309,HOUSEHOLD_1_314,0.09060023030093504,HOUSEHOLD
2310,HOUSEHOLD_1_315,2.0879297199044133,HOUSEHOLD
2311,HOUSEHOLD_1_316,12.513616411963648,HOUSEHOLD
2312,HOUSEHOLD_1_317,1.4414323463558538,HOUSEHOLD
2313,HOUSEHOLD_1_318,4.555779853042515,HOUSEHOLD
2314,HOUSEHOLD_1_319,3.981028198159102,HOUSEHOLD
2315,HOUSEHOLD_1_320,4.485463723231901,HOUSEHOLD
2316,HOUSEHOLD_1_321,0.7724878589404175,HOUSEHOLD
2317,HOUSEHOLD_1_322,0.35503807625352973,HOUSEHOLD
2318,HOUSEHOLD_1_323,0.06156382706502481,HOUSEHOLD
2319,HOUSEHOLD_1_324,0.0730692807963797,HOUSEHOLD
2320,HOUSEHOLD_1_325,0.6968747199963762,HOUSEHOLD
2321,HOUSEHOLD_1_326,1.1171991513610613,HOUSEHOLD
2322,HOUSEHOLD_1_327,12.371660352155669,HOUSEHOLD
2323,HOUSEHOLD_1_328,2.987532702397145,HOUSEHOLD
2324,HOUSEHOLD_1_329,8.003269480145203,HOUSEHOLD
2325,HOUSEHOLD_1_330,4.827688716672822,HOUSEHOLD
2326,HOUSEHOLD_1_331,1.0351633649663141,HOUSEHOLD
2327,HOUSEHOLD_1_332,0.1741703946498812,HOUSEHOLD
2328,HOUSEHOLD_1_333,1.0871600918155198,HOUSEHOLD
2329,HOUSEHOLD_1_334,7.610931687188128,HOUSEHOLD
2330,HOUSEHOLD_1_335,0.10877696034612723,HOUSEHOLD
2331,HOUSEHOLD_1_336,2.5485774189462616,HOUSEHOLD
2332,HOUSEHOLD_1_337,3.2124556551195154,HOUSEHOLD
2333,HOUSEHOLD_1_338,15.869721703359362,HOUSEHOLD
2334,HOUSEHOLD_1_339,10.000242601787534,HOUSEHOLD
2335,HOUSEHOLD_1_340,0.8875779296429724,HOUSEHOLD
2336,HOUSEHOLD_1_341,17.27858708789875,HOUSEHOLD
2337,HOUSEHOLD_1_342,0.37161685996482396,HOUSEHOLD
2338,HOUSEHOLD_1_343,1.9429526820194065,HOUSEHOLD
2339,HOUSEHOLD_1_344,2.2981794366369575,HOUSEHOLD
2340,HOUSEHOLD_1_345,11.987437542072925,HOUSEHOLD
2341,HOUSEHOLD_1_346,0.335868529275317,HOUSEHOLD
2342,HOUSEHOLD_1_347,6.565035188183704,HOUSEHOLD
2343,HOUSEHOLD_1_348,0.06664670000197588,HOUSEHOLD
2344,HOUSEHOLD_1_349,4.930358695328562,HOUSEHOLD
2345,HOUSEHOLD_1_350,1.7430661979715365,HOUSEHOLD
2346,HOUSEHOLD_1_351,8.433889116046842,HOUSEHOLD
2347,HOUSEHOLD_1_353,0.7100957320165505,HOUSEHOLD
2348,HOUSEHOLD_1_354,0.6372097790219098,HOUSEHOLD
2349,HOUSEHOLD_1_355,4.556105672429059,HOUSEHOLD
2350,HOUSEHOLD_1_356,6.348675051776179,HOUSEHOLD
2351,HOUSEHOLD_1_357,0.1891832334931315,HOUSEHOLD
2352,HOUSEHOLD_1_358,0.18435734256653621,HOUSEHOLD
2353,HOUSEHOLD_1_359,3.153724123627584,HOUSEHOLD
2354,HOUSEHOLD_1_360,2.035395237381418,HOUSEHOLD
2355,HOUSEHOLD_1_361,3.6926009553746137,HOUSEHOLD
2356,HOUSEHOLD_1_362,0.5969658731807815,HOUSEHOLD
2357,HOUSEHOLD_1_363,0.05127619627518049,HOUSEHOLD
2358,HOUSEHOLD_1_364,1.8387867923252328,HOUSEHOLD
2359,HOUSEHOLD_1_365,0.33514808145273317,HOUSEHOLD
2360,HOUSEHOLD_1_366,4.265258808942964,HOUSEHOLD
2361,HOUSEHOLD_1_367,0.06515191182749802,HOUSEHOLD
2362,HOUSEHOLD_1_368,4.418340802924291,HOUSEHOLD
2363,HOUSEHOLD_1_369,7.669820163009627,HOUSEHOLD
2364,HOUSEHOLD_1_370,3.7571206848788674,HOUSEHOLD
2365,HOUSEHOLD_1_371,5.820201631387471,HOUSEHOLD
2366,HOUSEHOLD_1_372,8.79250943330534,HOUSEHOLD
2367,HOUSEHOLD_1_373,0.8644818432141883,HOUSEHOLD
2368,HOUSEHOLD_1_374,0.061229576338151404,HOUSEHOLD
2369,HOUSEHOLD_1_375,1.0127345673444166,HOUSEHOLD
2370,HOUSEHOLD_1_376,0.12461360365417874,HOUSEHOLD
2371,HOUSEHOLD_1_377,0.13109003050344015,HOUSEHOLD
2372,HOUSEHOLD_1_378,9.260999837626922,HOUSEHOLD
2373,HOUSEHOLD_1_379,1.4504132824215115,HOUSEHOLD
2374,HOUSEHOLD_1_380,0.6447921061179944,HOUSEHOLD
2375,HOUSEHOLD_1_381,7.95497593552494,HOUSEHOLD
2376,HOUSEHOLD_1_382,5.076810972871978,HOUSEHOLD
2377,HOUSEHOLD_1_383,0.4402819537532975,HOUSEHOLD
2378,HOUSEHOLD_1_384,0.9026195683313617,HOUSEHOLD
2379,HOUSEHOLD_1_385,1.326681456589915,HOUSEHOLD
2380,HOUSEHOLD_1_386,0.08157071542432155,HOUSEHOLD
2381,HOUSEHOLD_1_387,0.08645394252712048,HOUSEHOLD
2382,HOUSEHOLD_1_388,2.6347055753730735,HOUSEHOLD
2383,HOUSEHOLD_1_389,19.906347973645136,HOUSEHOLD
2384,HOUSEHOLD_1_390,2.244277646482988,HOUSEHOLD
2385,HOUSEHOLD_1_393,2.480362897648671,HOUSEHOLD
2386,HOUSEHOLD_1_394,6.319251805414687,HOUSEHOLD
2387,HOUSEHOLD_1_395,5.555532212360958,HOUSEHOLD
2388,HOUSEHOLD_1_396,2.92125539895437,HOUSEHOLD
2389,HOUSEHOLD_1_397,1.3675554869420745,HOUSEHOLD
2390,HOUSEHOLD_1_398,6.161565609311184,HOUSEHOLD
2391,HOUSEHOLD_1_399,3.2339811887429266,HOUSEHOLD
2392,HOUSEHOLD_1_400,6.182714782395553,HOUSEHOLD
2393,HOUSEHOLD_1_401,0.10216504558770406,HOUSEHOLD
2394,HOUSEHOLD_1_402,17.99333584728165,HOUSEHOLD
2395,HOUSEHOLD_1_403,0.057827276748365505,HOUSEHOLD
2396,HOUSEHOLD_1_404,0.05841998330500846,HOUSEHOLD
2397,HOUSEHOLD_1_405,0.20165192406096805,HOUSEHOLD
2398,HOUSEHOLD_1_406,2.5258762172591824,HOUSEHOLD
2399,HOUSEHOLD_1_407,3.60262541267735,HOUSEHOLD
2400,HOUSEHOLD_1_408,11.815260278953113,HOUSEHOLD
2401,HOUSEHOLD_1_409,46.424575235847584,HOUSEHOLD
2402,HOUSEHOLD_1_410,0.24636764946951895,HOUSEHOLD
2403,HOUSEHOLD_1_411,2.865735595213433,HOUSEHOLD
2404,HOUSEHOLD_1_412,0.19774513898904442,HOUSEHOLD
2405,HOUSEHOLD_1_413,4.626979935147186,HOUSEHOLD
2406,HOUSEHOLD_1_414,15.514167082974167,HOUSEHOLD
2407,HOUSEHOLD_1_415,0.7609937466899538,HOUSEHOLD
2408,HOUSEHOLD_1_416,2.046368591248188,HOUSEHOLD
2409,HOUSEHOLD_1_417,9.115348767356329,HOUSEHOLD
2410,HOUSEHOLD_1_418,8.880354055350622,HOUSEHOLD
2411,HOUSEHOLD_1_419,4.519009611668258,HOUSEHOLD
2412,HOUSEHOLD_1_420,1.0224944433456211,HOUSEHOLD
2413,HOUSEHOLD_1_421,9.169062596059774,HOUSEHOLD
2414,HOUSEHOLD_1_422,0.5803724946830263,HOUSEHOLD
2415,HOUSEHOLD_1_423,7.373575610053026,HOUSEHOLD
2416,HOUSEHOLD_1_424,0.7265784330254115,HOUSEHOLD
2417,HOUSEHOLD_1_425,1.006740675360716,HOUSEHOLD
2418,HOUSEHOLD_1_426,2.567132064455632,HOUSEHOLD
2419,HOUSEHOLD_1_427,2.240496252769475,HOUSEHOLD
2420,HOUSEHOLD_1_428,2.4376299850318874,HOUSEHOLD
2421,HOUSEHOLD_1_429,11.639046765296376,HOUSEHOLD
2422,HOUSEHOLD_1_430,0.02355188290678705,HOUSEHOLD
2423,HOUSEHOLD_1_431,7.271984105126973,HOUSEHOLD
2424,HOUSEHOLD_1_432,7.436390294692293,HOUSEHOLD
2425,HOUSEHOLD_1_433,0.596339598822675,HOUSEHOLD
2426,HOUSEHOLD_1_434,9.759031984782936,HOUSEHOLD
2427,HOUSEHOLD_1_435,0.09953357160993051,HOUSEHOLD
2428,HOUSEHOLD_1_436,11.158774352329974,HOUSEHOLD
2429,HOUSEHOLD_1_437,1.4678397379698547,HOUSEHOLD
2430,HOUSEHOLD_1_438,0.4043834110100959,HOUSEHOLD
2431,HOUSEHOLD_1_439,6.719885946448039,HOUSEHOLD
2432,HOUSEHOLD_1_440,15.824262045432395,HOUSEHOLD
2433,HOUSEHOLD_1_441,1.291567436157955,HOUSEHOLD
2434,HOUSEHOLD_1_442,2.6495658326202,HOUSEHOLD
2435,HOUSEHOLD_1_443,3.85087131241757,HOUSEHOLD
2436,HOUSEHOLD_1_444,0.06711693016661337,HOUSEHOLD
2437,HOUSEHOLD_1_445,0.06966855356751309,HOUSEHOLD
2438,HOUSEHOLD_1_446,6.3002735177135065,HOUSEHOLD
2439,HOUSEHOLD_1_447,2.2318465880118716,HOUSEHOLD
2440,HOUSEHOLD_1_448,3.5160214389541697,HOUSEHOLD
2441,HOUSEHOLD_1_449,13.8820672633778,HOUSEHOLD
2442,HOUSEHOLD_1_450,3.295260491734951,HOUSEHOLD
2443,HOUSEHOLD_1_451,2.0357978936770325,HOUSEHOLD
2444,HOUSEHOLD_1_452,0.14288936582682182,HOUSEHOLD
2445,HOUSEHOLD_1_453,1.1731186105395646,HOUSEHOLD
2446,HOUSEHOLD_1_454,2.6446550979552748,HOUSEHOLD
2447,HOUSEHOLD_1_455,0.32078569531426376,HOUSEHOLD
2448,HOUSEHOLD_1_456,1.2141839039296738,HOUSEHOLD
2449,HOUSEHOLD_1_457,13.819815491679794,HOUSEHOLD
2450,HOUSEHOLD_1_458,0.4209545620764139,HOUSEHOLD
2451,HOUSEHOLD_1_459,15.000227996390187,HOUSEHOLD
2452,HOUSEHOLD_1_460,1.3312186039676701,HOUSEHOLD
2453,HOUSEHOLD_1_461,0.13943503325776754,HOUSEHOLD
2454,HOUSEHOLD_1_462,1.0223555562745632,HOUSEHOLD
2455,HOUSEHOLD_1_463,0.5450792790092298,HOUSEHOLD
2456,HOUSEHOLD_1_464,0.11465998437845049,HOUSEHOLD
2457,HOUSEHOLD_1_465,2.4937967197990756,HOUSEHOLD
2458,HOUSEHOLD_1_466,1.157286363454407,HOUSEHOLD
2459,HOUSEHOLD_1_467,0.20210530259931778,HOUSEHOLD
2460,HOUSEHOLD_1_468,13.57924805110794,HOUSEHOLD
2461,HOUSEHOLD_1_469,7.502326358882058,HOUSEHOLD
2462,HOUSEHOLD_1_470,0.03692411342727124,HOUSEHOLD
2463,HOUSEHOLD_1_471,6.360350622625677,HOUSEHOLD
2464,HOUSEHOLD_1_472,1.0027271687902812,HOUSEHOLD
2465,HOUSEHOLD_1_473,1.6390880697043795,HOUSEHOLD
2466,HOUSEHOLD_1_474,0.027145273962740805,HOUSEHOLD
2467,HOUSEHOLD_1_475,0.7799070843521009,HOUSEHOLD
2468,HOUSEHOLD_1_476,4.23826013448897,HOUSEHOLD
2469,HOUSEHOLD_1_477,17.780603902886025,HOUSEHOLD
2470,HOUSEHOLD_1_478,7.831019172237329,HOUSEHOLD
2471,HOUSEHOLD_1_479,2.8001839639147006,HOUSEHOLD
2472,HOUSEHOLD_1_480,2.0977944298262474,HOUSEHOLD
2473,HOUSEHOLD_1_481,1.8218111414287894,HOUSEHOLD
2474,HOUSEHOLD_1_482,0.8102221141296067,HOUSEHOLD
2475,HOUSEHOLD_1_483,0.06040034288555175,HOUSEHOLD
2476,HOUSEHOLD_1_484,1.9767721825745157,HOUSEHOLD
2477,HOUSEHOLD_1_485,0.46445910083824654,HOUSEHOLD
2478,HOUSEHOLD_1_486,0.4291491539955606,HOUSEHOLD
2479,HOUSEHOLD_1_487,0.2536183559149903,HOUSEHOLD
2480,HOUSEHOLD_1_488,6.269086822586733,HOUSEHOLD
2481,HOUSEHOLD_1_489,5.558363311747848,HOUSEHOLD
2482,HOUSEHOLD_1_490,0.13472725947244257,HOUSEHOLD
2483,HOUSEHOLD_1_491,0.09867073631701113,HOUSEHOLD
2484,HOUSEHOLD_1_492,1.0761823305960798,HOUSEHOLD
2485,HOUSEHOLD_1_493,0.06001293138226545,HOUSEHOLD
2486,HOUSEHOLD_1_494,14.902417992693017,HOUSEHOLD
2487,HOUSEHOLD_1_495,2.3165621031014276,HOUSEHOLD
2488,HOUSEHOLD_1_496,1.7245700132911435,HOUSEHOLD
2489,HOUSEHOLD_1_497,12.625962983579672,HOUSEHOLD
2490,HOUSEHOLD_1_498,6.593761158716989,HOUSEHOLD
2491,HOUSEHOLD_1_499,0.060855535213889714,HOUSEHOLD
2492,HOUSEHOLD_1_500,5.394527327580532,HOUSEHOLD
2493,HOUSEHOLD_1_501,1.3339787174626687,HOUSEHOLD
2494,HOUSEHOLD_1_502,0.06357041767118407,HOUSEHOLD
2495,HOUSEHOLD_1_503,0.9929292100708276,HOUSEHOLD
2496,HOUSEHOLD_1_504,0.3023010427414907,HOUSEHOLD
2497,HOUSEHOLD_1_505,0.10444491043071523,HOUSEHOLD
2498,HOUSEHOLD_1_506,0.19026677175626375,HOUSEHOLD
2499,HOUSEHOLD_1_507,2.429744978036908,HOUSEHOLD
2500,HOUSEHOLD_1_508,0.08754205371079654,HOUSEHOLD
2501,HOUSEHOLD_1_509,0.055042315297608675,HOUSEHOLD
2502,HOUSEHOLD_1_510,5.837985732364451,HOUSEHOLD
2503,HOUSEHOLD_1_511,5.426944361414894,HOUSEHOLD
2504,HOUSEHOLD_1_512,0.033287435299693406,HOUSEHOLD
2505,HOUSEHOLD_1_513,9.000286507204734,HOUSEHOLD
2506,HOUSEHOLD_1_514,0.5641899963909457,HOUSEHOLD
2507,HOUSEHOLD_1_515,0.5921244817944114,HOUSEHOLD
2508,HOUSEHOLD_1_516,0.9546364852164049,HOUSEHOLD
2509,HOUSEHOLD_1_517,3.1774125382476375,HOUSEHOLD
2510,HOUSEHOLD_1_518,0.16599402912259192,HOUSEHOLD
2511,HOUSEHOLD_1_519,0.08096905120187048,HOUSEHOLD
2512,HOUSEHOLD_1_520,1.1913469959903913,HOUSEHOLD
2513,HOUSEHOLD_1_521,12.507761914588675,HOUSEHOLD
2514,HOUSEHOLD_1_522,4.248676760304345,HOUSEHOLD
2515,HOUSEHOLD_1_523,0.2076951952875197,HOUSEHOLD
2516,HOUSEHOLD_1_524,4.605164518003361,HOUSEHOLD
2517,HOUSEHOLD_1_525,2.0552873519771477,HOUSEHOLD
2518,HOUSEHOLD_1_526,10.172881017224073,HOUSEHOLD
2519,HOUSEHOLD_1_527,0.8938084665018328,HOUSEHOLD
2520,HOUSEHOLD_1_528,4.3466101438095155,HOUSEHOLD
2521,HOUSEHOLD_1_529,0.5363165016945398,HOUSEHOLD
2522,HOUSEHOLD_1_530,0.046082642212745266,HOUSEHOLD
2523,HOUSEHOLD_1_531,0.10438267223910191,HOUSEHOLD
2524,HOUSEHOLD_1_532,0.6839713368722148,HOUSEHOLD
2525,HOUSEHOLD_1_533,2.4093574921655607,HOUSEHOLD
2526,HOUSEHOLD_1_534,0.171344420322093,HOUSEHOLD
2527,HOUSEHOLD_1_535,13.673579579839453,HOUSEHOLD
2528,HOUSEHOLD_1_536,0.5553281889403999,HOUSEHOLD
2529,HOUSEHOLD_1_537,35.76409040153607,HOUSEHOLD
2530,HOUSEHOLD_1_538,1.9651365942158077,HOUSEHOLD
2531,HOUSEHOLD_1_539,5.11452780636904,HOUSEHOLD
2532,HOUSEHOLD_1_540,0.353390364616326,HOUSEHOLD
2533,HOUSEHOLD_1_541,1.5111786957539497,HOUSEHOLD
2534,HOUSEHOLD_2_001,4.068747606256329,HOUSEHOLD
2535,HOUSEHOLD_2_002,5.109443847203773,HOUSEHOLD
2536,HOUSEHOLD_2_003,2.114751085675851,HOUSEHOLD
2537,HOUSEHOLD_2_004,2.7454129789468156,HOUSEHOLD
2538,HOUSEHOLD_2_005,0.06816051898064904,HOUSEHOLD
2539,HOUSEHOLD_2_006,0.03240714395039551,HOUSEHOLD
2540,HOUSEHOLD_2_007,10.067058574812279,HOUSEHOLD
2541,HOUSEHOLD_2_008,0.0524114863678416,HOUSEHOLD
2542,HOUSEHOLD_2_009,2.1182846981129035,HOUSEHOLD
2543,HOUSEHOLD_2_010,2.7652665733916844,HOUSEHOLD
2544,HOUSEHOLD_2_011,0.12900818199086525,HOUSEHOLD
2545,HOUSEHOLD_2_012,3.9369483871737625,HOUSEHOLD
2546,HOUSEHOLD_2_013,5.520948129593007,HOUSEHOLD
2547,HOUSEHOLD_2_014,0.11881225920704308,HOUSEHOLD
2548,HOUSEHOLD_2_015,4.525234725094963,HOUSEHOLD
2549,HOUSEHOLD_2_016,1.1924176705086085,HOUSEHOLD
2550,HOUSEHOLD_2_017,2.02558867726603,HOUSEHOLD
2551,HOUSEHOLD_2_018,1.371923804865427,HOUSEHOLD
2552,HOUSEHOLD_2_019,3.7121417710145193,HOUSEHOLD
2553,HOUSEHOLD_2_020,3.54308521205329,HOUSEHOLD
2554,HOUSEHOLD_2_021,0.0713581216374376,HOUSEHOLD
2555,HOUSEHOLD_2_022,0.046976925814264034,HOUSEHOLD
2556,HOUSEHOLD_2_023,0.04459197644935506,HOUSEHOLD
2557,HOUSEHOLD_2_024,6.42696204054928,HOUSEHOLD
2558,HOUSEHOLD_2_025,10.202771544640317,HOUSEHOLD
2559,HOUSEHOLD_2_026,0.03977538583612095,HOUSEHOLD
2560,HOUSEHOLD_2_027,0.04291135590999734,HOUSEHOLD
2561,HOUSEHOLD_2_028,2.007657253694447,HOUSEHOLD
2562,HOUSEHOLD_2_029,0.0949343926729615,HOUSEHOLD
2563,HOUSEHOLD_2_030,2.1267621662652045,HOUSEHOLD
2564,HOUSEHOLD_2_031,1.3575088276312592,HOUSEHOLD
2565,HOUSEHOLD_2_032,0.13563173974196288,HOUSEHOLD
2566,HOUSEHOLD_2_033,3.599109084504797,HOUSEHOLD
2567,HOUSEHOLD_2_034,2.444992908232689,HOUSEHOLD
2568,HOUSEHOLD_2_035,1.4229828873135557,HOUSEHOLD
2569,HOUSEHOLD_2_036,8.041013380008948,HOUSEHOLD
2570,HOUSEHOLD_2_037,6.5179286684436875,HOUSEHOLD
2571,HOUSEHOLD_2_038,0.06667567705772141,HOUSEHOLD
2572,HOUSEHOLD_2_039,6.942608270994157,HOUSEHOLD
2573,HOUSEHOLD_2_040,1.6170215857024821,HOUSEHOLD
2574,HOUSEHOLD_2_041,2.031761005023755,HOUSEHOLD
2575,HOUSEHOLD_2_042,1.018804363393914,HOUSEHOLD
2576,HOUSEHOLD_2_043,3.796873715325836,HOUSEHOLD
2577,HOUSEHOLD_2_044,2.3690673246877303,HOUSEHOLD
2578,HOUSEHOLD_2_045,1.5711401421024243,HOUSEHOLD
2579,HOUSEHOLD_2_046,0.5187051024466717,HOUSEHOLD
2580,HOUSEHOLD_2_047,0.4555420267611743,HOUSEHOLD
2581,HOUSEHOLD_2_048,1.5899315331677173,HOUSEHOLD
2582,HOUSEHOLD_2_049,4.850245095723875,HOUSEHOLD
2583,HOUSEHOLD_2_050,4.906818193985255,HOUSEHOLD
2584,HOUSEHOLD_2_051,0.09708520164938632,HOUSEHOLD
2585,HOUSEHOLD_2_052,2.7108640188195903,HOUSEHOLD
2586,HOUSEHOLD_2_053,0.018630019177058182,HOUSEHOLD
2587,HOUSEHOLD_2_054,3.0383068298386204,HOUSEHOLD
2588,HOUSEHOLD_2_055,7.356335052276684,HOUSEHOLD
2589,HOUSEHOLD_2_056,6.654313095117167,HOUSEHOLD
2590,HOUSEHOLD_2_057,8.111462307049052,HOUSEHOLD
2591,HOUSEHOLD_2_058,0.08982850878055017,HOUSEHOLD
2592,HOUSEHOLD_2_059,0.927615801273342,HOUSEHOLD
2593,HOUSEHOLD_2_060,0.08173114104780525,HOUSEHOLD
2594,HOUSEHOLD_2_061,2.666426912848129,HOUSEHOLD
2595,HOUSEHOLD_2_062,1.065848099201522,HOUSEHOLD
2596,HOUSEHOLD_2_063,0.04568361753667468,HOUSEHOLD
2597,HOUSEHOLD_2_064,4.551767602641189,HOUSEHOLD
2598,HOUSEHOLD_2_065,0.049659749206782566,HOUSEHOLD
2599,HOUSEHOLD_2_066,0.05726563726159641,HOUSEHOLD
2600,HOUSEHOLD_2_067,0.02190321918312465,HOUSEHOLD
2601,HOUSEHOLD_2_068,0.04652381309907414,HOUSEHOLD
2602,HOUSEHOLD_2_069,0.10087838425310929,HOUSEHOLD
2603,HOUSEHOLD_2_070,4.680732170962557,HOUSEHOLD
2604,HOUSEHOLD_2_071,2.7320861837755612,HOUSEHOLD
2605,HOUSEHOLD_2_072,4.02606884511306,HOUSEHOLD
2606,HOUSEHOLD_2_073,12.669458778629645,HOUSEHOLD
2607,HOUSEHOLD_2_074,0.5294608964000633,HOUSEHOLD
2608,HOUSEHOLD_2_075,0.19509136715892209,HOUSEHOLD
2609,HOUSEHOLD_2_076,13.278176037296832,HOUSEHOLD
2610,HOUSEHOLD_2_077,1.9104938821120614,HOUSEHOLD
2611,HOUSEHOLD_2_078,0.05508700597413982,HOUSEHOLD
2612,HOUSEHOLD_2_079,6.459524096037049,HOUSEHOLD
2613,HOUSEHOLD_2_080,0.2663811737412318,HOUSEHOLD
2614,HOUSEHOLD_2_081,0.05604831176650097,HOUSEHOLD
2615,HOUSEHOLD_2_082,5.4887792568036105,HOUSEHOLD
2616,HOUSEHOLD_2_083,0.07763666422575456,HOUSEHOLD
2617,HOUSEHOLD_2_084,0.40003899497156453,HOUSEHOLD
2618,HOUSEHOLD_2_085,0.13619377422852996,HOUSEHOLD
2619,HOUSEHOLD_2_086,0.02528786467564745,HOUSEHOLD
2620,HOUSEHOLD_2_087,0.019412779203339278,HOUSEHOLD
2621,HOUSEHOLD_2_088,0.9178860609355972,HOUSEHOLD
2622,HOUSEHOLD_2_089,2.8270095420185593,HOUSEHOLD
2623,HOUSEHOLD_2_090,0.09335062307676621,HOUSEHOLD
2624,HOUSEHOLD_2_091,0.07058851793514681,HOUSEHOLD
2625,HOUSEHOLD_2_092,2.502382090466685,HOUSEHOLD
2626,HOUSEHOLD_2_093,0.03026714672496732,HOUSEHOLD
2627,HOUSEHOLD_2_094,0.06089834335025033,HOUSEHOLD
2628,HOUSEHOLD_2_095,0.10522427470304038,HOUSEHOLD
2629,HOUSEHOLD_2_096,1.886702497150405,HOUSEHOLD
2630,HOUSEHOLD_2_097,0.4598712302132321,HOUSEHOLD
2631,HOUSEHOLD_2_098,0.03102045420731534,HOUSEHOLD
2632,HOUSEHOLD_2_099,4.63874336843296,HOUSEHOLD
2633,HOUSEHOLD_2_100,0.06796524035371838,HOUSEHOLD
2634,HOUSEHOLD_2_101,0.1392440393979799,HOUSEHOLD
2635,HOUSEHOLD_2_102,0.04743833687395324,HOUSEHOLD
2636,HOUSEHOLD_2_103,0.017895190671966498,HOUSEHOLD
2637,HOUSEHOLD_2_104,0.07684830113677724,HOUSEHOLD
2638,HOUSEHOLD_2_105,0.043760914494020274,HOUSEHOLD
2639,HOUSEHOLD_2_106,0.10914904832733499,HOUSEHOLD
2640,HOUSEHOLD_2_107,4.516080878727591,HOUSEHOLD
2641,HOUSEHOLD_2_108,0.09980853294995388,HOUSEHOLD
2642,HOUSEHOLD_2_109,1.9796616367408018,HOUSEHOLD
2643,HOUSEHOLD_2_110,2.2440963888375696,HOUSEHOLD
2644,HOUSEHOLD_2_111,6.322858959275841,HOUSEHOLD
2645,HOUSEHOLD_2_112,1.6736136478597952,HOUSEHOLD
2646,HOUSEHOLD_2_113,0.7235477047641149,HOUSEHOLD
2647,HOUSEHOLD_2_114,1.3609912032425022,HOUSEHOLD
2648,HOUSEHOLD_2_115,3.469181598320658,HOUSEHOLD
2649,HOUSEHOLD_2_116,0.04804066779637534,HOUSEHOLD
2650,HOUSEHOLD_2_117,0.02346674526424444,HOUSEHOLD
2651,HOUSEHOLD_2_118,0.059681587256336724,HOUSEHOLD
2652,HOUSEHOLD_2_119,4.607038129824806,HOUSEHOLD
2653,HOUSEHOLD_2_120,0.6917894657298199,HOUSEHOLD
2654,HOUSEHOLD_2_121,0.019482488012331087,HOUSEHOLD
2655,HOUSEHOLD_2_122,0.08620575824416474,HOUSEHOLD
2656,HOUSEHOLD_2_123,3.438852300172581,HOUSEHOLD
2657,HOUSEHOLD_2_124,5.961579391607022,HOUSEHOLD
2658,HOUSEHOLD_2_125,0.07126445159224196,HOUSEHOLD
2659,HOUSEHOLD_2_126,9.125842397145489,HOUSEHOLD
2660,HOUSEHOLD_2_127,2.8885163204840616,HOUSEHOLD
2661,HOUSEHOLD_2_128,1.9600325058441943,HOUSEHOLD
2662,HOUSEHOLD_2_129,2.361928210403069,HOUSEHOLD
2663,HOUSEHOLD_2_130,0.08220347534824064,HOUSEHOLD
2664,HOUSEHOLD_2_131,0.09491589082928671,HOUSEHOLD
2665,HOUSEHOLD_2_132,0.01783663777177888,HOUSEHOLD
2666,HOUSEHOLD_2_133,2.0737826153022487,HOUSEHOLD
2667,HOUSEHOLD_2_134,1.8154965731559047,HOUSEHOLD
2668,HOUSEHOLD_2_135,12.302625328936449,HOUSEHOLD
2669,HOUSEHOLD_2_136,5.05071511777831,HOUSEHOLD
2670,HOUSEHOLD_2_137,4.38587234263922,HOUSEHOLD
2671,HOUSEHOLD_2_138,2.431852306330249,HOUSEHOLD
2672,HOUSEHOLD_2_139,10.51472165858907,HOUSEHOLD
2673,HOUSEHOLD_2_140,11.26652205265136,HOUSEHOLD
2674,HOUSEHOLD_2_141,3.3059355715004695,HOUSEHOLD
2675,HOUSEHOLD_2_142,0.03696651563785841,HOUSEHOLD
2676,HOUSEHOLD_2_143,0.05604869841640087,HOUSEHOLD
2677,HOUSEHOLD_2_144,1.8938233953324075,HOUSEHOLD
2678,HOUSEHOLD_2_145,1.2134210403863663,HOUSEHOLD
2679,HOUSEHOLD_2_146,5.067654912157415,HOUSEHOLD
2680,HOUSEHOLD_2_147,0.02862415057794749,HOUSEHOLD
2681,HOUSEHOLD_2_148,1.3362040925791232,HOUSEHOLD
2682,HOUSEHOLD_2_149,0.17840923655434832,HOUSEHOLD
2683,HOUSEHOLD_2_150,0.06469340165540048,HOUSEHOLD
2684,HOUSEHOLD_2_151,3.54892739456686,HOUSEHOLD
2685,HOUSEHOLD_2_152,16.758542410255714,HOUSEHOLD
2686,HOUSEHOLD_2_153,7.903952250706056,HOUSEHOLD
2687,HOUSEHOLD_2_154,0.019401661244031372,HOUSEHOLD
2688,HOUSEHOLD_2_155,5.659388135474013,HOUSEHOLD
2689,HOUSEHOLD_2_156,0.06719013888930844,HOUSEHOLD
2690,HOUSEHOLD_2_157,0.05384085929804738,HOUSEHOLD
2691,HOUSEHOLD_2_158,9.60779321037034,HOUSEHOLD
2692,HOUSEHOLD_2_159,2.8175849912932684,HOUSEHOLD
2693,HOUSEHOLD_2_160,4.102573033992916,HOUSEHOLD
2694,HOUSEHOLD_2_161,0.0825107773673894,HOUSEHOLD
2695,HOUSEHOLD_2_162,0.02837989605175999,HOUSEHOLD
2696,HOUSEHOLD_2_163,0.12480839110887007,HOUSEHOLD
2697,HOUSEHOLD_2_164,0.0741943117229337,HOUSEHOLD
2698,HOUSEHOLD_2_165,0.06986098490932702,HOUSEHOLD
2699,HOUSEHOLD_2_166,7.946396397027363,HOUSEHOLD
2700,HOUSEHOLD_2_167,0.775653375903093,HOUSEHOLD
2701,HOUSEHOLD_2_168,0.11021438876920546,HOUSEHOLD
2702,HOUSEHOLD_2_169,0.06339687345069576,HOUSEHOLD
2703,HOUSEHOLD_2_170,2.313859021865151,HOUSEHOLD
2704,HOUSEHOLD_2_171,1.2134904555799646,HOUSEHOLD
2705,HOUSEHOLD_2_172,0.7740614617583403,HOUSEHOLD
2706,HOUSEHOLD_2_173,0.05428427663922942,HOUSEHOLD
2707,HOUSEHOLD_2_174,0.3789154026550826,HOUSEHOLD
2708,HOUSEHOLD_2_175,0.05388835991846998,HOUSEHOLD
2709,HOUSEHOLD_2_176,0.24509842843233823,HOUSEHOLD
2710,HOUSEHOLD_2_177,1.0029762090048449,HOUSEHOLD
2711,HOUSEHOLD_2_178,1.4612928274293948,HOUSEHOLD
2712,HOUSEHOLD_2_179,4.631287489004771,HOUSEHOLD
2713,HOUSEHOLD_2_180,1.659752900076194,HOUSEHOLD
2714,HOUSEHOLD_2_182,0.0621435044895533,HOUSEHOLD
2715,HOUSEHOLD_2_183,0.06761622098811516,HOUSEHOLD
2716,HOUSEHOLD_2_184,0.5909214846829334,HOUSEHOLD
2717,HOUSEHOLD_2_185,5.128127582322081,HOUSEHOLD
2718,HOUSEHOLD_2_186,0.34760523126787934,HOUSEHOLD
2719,HOUSEHOLD_2_187,0.030318774376780204,HOUSEHOLD
2720,HOUSEHOLD_2_188,0.06922202043350244,HOUSEHOLD
2721,HOUSEHOLD_2_189,6.155788751084706,HOUSEHOLD
2722,HOUSEHOLD_2_190,0.012961041158908998,HOUSEHOLD
2723,HOUSEHOLD_2_191,0.24440076125839344,HOUSEHOLD
2724,HOUSEHOLD_2_192,0.4463602560239319,HOUSEHOLD
2725,HOUSEHOLD_2_193,0.9798439805996272,HOUSEHOLD
2726,HOUSEHOLD_2_194,6.369773906870415,HOUSEHOLD
2727,HOUSEHOLD_2_195,0.26041163241914755,HOUSEHOLD
2728,HOUSEHOLD_2_196,4.764619256741803,HOUSEHOLD
2729,HOUSEHOLD_2_197,0.07512737771517278,HOUSEHOLD
2730,HOUSEHOLD_2_198,3.1308591970233612,HOUSEHOLD
2731,HOUSEHOLD_2_199,3.0613761419244123,HOUSEHOLD
2732,HOUSEHOLD_2_200,8.267688260483233,HOUSEHOLD
2733,HOUSEHOLD_2_201,0.3050566884692552,HOUSEHOLD
2734,HOUSEHOLD_2_202,0.5509074990914266,HOUSEHOLD
2735,HOUSEHOLD_2_203,0.05285977361965502,HOUSEHOLD
2736,HOUSEHOLD_2_204,0.09396317272441361,HOUSEHOLD
2737,HOUSEHOLD_2_205,0.06512591736287278,HOUSEHOLD
2738,HOUSEHOLD_2_206,0.6460324314543222,HOUSEHOLD
2739,HOUSEHOLD_2_207,0.5007654634631846,HOUSEHOLD
2740,HOUSEHOLD_2_208,0.10967667661685802,HOUSEHOLD
2741,HOUSEHOLD_2_209,0.10409941496383164,HOUSEHOLD
2742,HOUSEHOLD_2_210,0.10433770505518633,HOUSEHOLD
2743,HOUSEHOLD_2_211,1.3165097637854706,HOUSEHOLD
2744,HOUSEHOLD_2_212,1.8533948983564588,HOUSEHOLD
2745,HOUSEHOLD_2_213,0.7006620081449764,HOUSEHOLD
2746,HOUSEHOLD_2_214,0.1167866654674284,HOUSEHOLD
2747,HOUSEHOLD_2_215,0.7145617708553882,HOUSEHOLD
2748,HOUSEHOLD_2_216,0.06144959303874165,HOUSEHOLD
2749,HOUSEHOLD_2_217,5.1197655686407995,HOUSEHOLD
2750,HOUSEHOLD_2_218,0.08136122840603412,HOUSEHOLD
2751,HOUSEHOLD_2_219,4.047108115807861,HOUSEHOLD
2752,HOUSEHOLD_2_220,2.205183172312008,HOUSEHOLD
2753,HOUSEHOLD_2_221,0.059133563028749704,HOUSEHOLD
2754,HOUSEHOLD_2_222,6.520914692225308,HOUSEHOLD
2755,HOUSEHOLD_2_223,0.16137857958899576,HOUSEHOLD
2756,HOUSEHOLD_2_224,1.2452431547554434,HOUSEHOLD
2757,HOUSEHOLD_2_225,0.02885486643273082,HOUSEHOLD
2758,HOUSEHOLD_2_226,3.071027082661245,HOUSEHOLD
2759,HOUSEHOLD_2_227,0.06163531569189686,HOUSEHOLD
2760,HOUSEHOLD_2_228,2.195528638850264,HOUSEHOLD
2761,HOUSEHOLD_2_229,3.934330287432933,HOUSEHOLD
2762,HOUSEHOLD_2_230,0.01662269537809832,HOUSEHOLD
2763,HOUSEHOLD_2_231,4.374329761485962,HOUSEHOLD
2764,HOUSEHOLD_2_232,4.6351108206392,HOUSEHOLD
2765,HOUSEHOLD_2_233,6.517364526241367,HOUSEHOLD
2766,HOUSEHOLD_2_234,0.7384106930269585,HOUSEHOLD
2767,HOUSEHOLD_2_235,3.9228496494799816,HOUSEHOLD
2768,HOUSEHOLD_2_236,0.11500858007535734,HOUSEHOLD
2769,HOUSEHOLD_2_237,5.511038270607613,HOUSEHOLD
2770,HOUSEHOLD_2_238,5.899176833618397,HOUSEHOLD
2771,HOUSEHOLD_2_239,2.250711353785389,HOUSEHOLD
2772,HOUSEHOLD_2_240,0.0412383578231442,HOUSEHOLD
2773,HOUSEHOLD_2_241,0.536913788470849,HOUSEHOLD
2774,HOUSEHOLD_2_242,0.09340313429286215,HOUSEHOLD
2775,HOUSEHOLD_2_243,0.02701388815852609,HOUSEHOLD
2776,HOUSEHOLD_2_244,0.03552431205114924,HOUSEHOLD
2777,HOUSEHOLD_2_245,0.08798597104825402,HOUSEHOLD
2778,HOUSEHOLD_2_246,1.9896416438824662,HOUSEHOLD
2779,HOUSEHOLD_2_247,1.9810961998397718,HOUSEHOLD
2780,HOUSEHOLD_2_248,5.8774915120061575,HOUSEHOLD
2781,HOUSEHOLD_2_249,0.30737989650682723,HOUSEHOLD
2782,HOUSEHOLD_2_250,0.058045391249593285,HOUSEHOLD
2783,HOUSEHOLD_2_251,1.4404851363978302,HOUSEHOLD
2784,HOUSEHOLD_2_252,0.1130855692380086,HOUSEHOLD
2785,HOUSEHOLD_2_253,2.4912473677894313,HOUSEHOLD
2786,HOUSEHOLD_2_254,1.6191602929895557,HOUSEHOLD
2787,HOUSEHOLD_2_255,0.1883681839657375,HOUSEHOLD
2788,HOUSEHOLD_2_256,10.722654323707062,HOUSEHOLD
2789,HOUSEHOLD_2_257,0.10906335848562393,HOUSEHOLD
2790,HOUSEHOLD_2_258,0.1116993107103291,HOUSEHOLD
2791,HOUSEHOLD_2_259,6.518771584886615,HOUSEHOLD
2792,HOUSEHOLD_2_260,2.5806341155759407,HOUSEHOLD
2793,HOUSEHOLD_2_261,2.1402755152031796,HOUSEHOLD
2794,HOUSEHOLD_2_262,0.13240927481472436,HOUSEHOLD
2795,HOUSEHOLD_2_263,8.779970124553218,HOUSEHOLD
2796,HOUSEHOLD_2_264,2.4431461751990646,HOUSEHOLD
2797,HOUSEHOLD_2_265,0.044516513702982,HOUSEHOLD
2798,HOUSEHOLD_2_266,0.028182489482866068,HOUSEHOLD
2799,HOUSEHOLD_2_267,1.2964304475685764,HOUSEHOLD
2800,HOUSEHOLD_2_268,8.112290860464938,HOUSEHOLD
2801,HOUSEHOLD_2_269,8.911588801974359,HOUSEHOLD
2802,HOUSEHOLD_2_270,0.05421851504250053,HOUSEHOLD
2803,HOUSEHOLD_2_271,2.276087854357891,HOUSEHOLD
2804,HOUSEHOLD_2_272,0.090662389365005,HOUSEHOLD
2805,HOUSEHOLD_2_273,0.06966481383999833,HOUSEHOLD
2806,HOUSEHOLD_2_274,0.053111128916683514,HOUSEHOLD
2807,HOUSEHOLD_2_275,8.449390522129683,HOUSEHOLD
2808,HOUSEHOLD_2_276,2.364106618550454,HOUSEHOLD
2809,HOUSEHOLD_2_277,0.030837142927121454,HOUSEHOLD
2810,HOUSEHOLD_2_278,0.030644532022224745,HOUSEHOLD
2811,HOUSEHOLD_2_279,0.0779189775518143,HOUSEHOLD
2812,HOUSEHOLD_2_280,7.875242079059572,HOUSEHOLD
2813,HOUSEHOLD_2_281,0.08827014187504095,HOUSEHOLD
2814,HOUSEHOLD_2_282,0.061413746398497594,HOUSEHOLD
2815,HOUSEHOLD_2_283,0.056493310459672784,HOUSEHOLD
2816,HOUSEHOLD_2_284,0.05938151587469637,HOUSEHOLD
2817,HOUSEHOLD_2_285,0.0492714257666545,HOUSEHOLD
2818,HOUSEHOLD_2_286,0.040311700744119834,HOUSEHOLD
2819,HOUSEHOLD_2_287,0.015233569034647083,HOUSEHOLD
2820,HOUSEHOLD_2_288,0.03751095791901647,HOUSEHOLD
2821,HOUSEHOLD_2_289,0.08783851852583882,HOUSEHOLD
2822,HOUSEHOLD_2_290,0.059519606896752765,HOUSEHOLD
2823,HOUSEHOLD_2_291,3.540467701982644,HOUSEHOLD
2824,HOUSEHOLD_2_292,0.09572627513252557,HOUSEHOLD
2825,HOUSEHOLD_2_293,0.09275611520830265,HOUSEHOLD
2826,HOUSEHOLD_2_294,3.792568503901299,HOUSEHOLD
2827,HOUSEHOLD_2_295,2.9455533995772236,HOUSEHOLD
2828,HOUSEHOLD_2_296,0.05918150201701176,HOUSEHOLD
2829,HOUSEHOLD_2_297,0.14629878541176086,HOUSEHOLD
2830,HOUSEHOLD_2_298,9.011974429391548,HOUSEHOLD
2831,HOUSEHOLD_2_299,0.025193776528414417,HOUSEHOLD
2832,HOUSEHOLD_2_300,8.478035239102574,HOUSEHOLD
2833,HOUSEHOLD_2_301,2.212428160536132,HOUSEHOLD
2834,HOUSEHOLD_2_302,0.02951416590650046,HOUSEHOLD
2835,HOUSEHOLD_2_303,2.2857733254792483,HOUSEHOLD
2836,HOUSEHOLD_2_304,2.2873325641770985,HOUSEHOLD
2837,HOUSEHOLD_2_305,0.046727582338118204,HOUSEHOLD
2838,HOUSEHOLD_2_306,0.18246980342943278,HOUSEHOLD
2839,HOUSEHOLD_2_307,9.72634253833749,HOUSEHOLD
2840,HOUSEHOLD_2_308,1.0082118760728438,HOUSEHOLD
2841,HOUSEHOLD_2_309,1.0807747261602312,HOUSEHOLD
2842,HOUSEHOLD_2_310,0.10024313398336171,HOUSEHOLD
2843,HOUSEHOLD_2_311,0.05828157740141211,HOUSEHOLD
2844,HOUSEHOLD_2_312,2.096580019188636,HOUSEHOLD
2845,HOUSEHOLD_2_313,1.4418809181613792,HOUSEHOLD
2846,HOUSEHOLD_2_314,0.01841373434664715,HOUSEHOLD
2847,HOUSEHOLD_2_315,0.12102120317352014,HOUSEHOLD
2848,HOUSEHOLD_2_316,0.0692595285706799,HOUSEHOLD
2849,HOUSEHOLD_2_317,0.06643778313309692,HOUSEHOLD
2850,HOUSEHOLD_2_318,0.2928083560859706,HOUSEHOLD
2851,HOUSEHOLD_2_319,0.022430947930548104,HOUSEHOLD
2852,HOUSEHOLD_2_320,8.782967091743728,HOUSEHOLD
2853,HOUSEHOLD_2_321,5.747101156086023,HOUSEHOLD
2854,HOUSEHOLD_2_322,0.17464289074915734,HOUSEHOLD
2855,HOUSEHOLD_2_323,1.578268184195106,HOUSEHOLD
2856,HOUSEHOLD_2_324,18.831109902962414,HOUSEHOLD
2857,HOUSEHOLD_2_325,1.3286876736120279,HOUSEHOLD
2858,HOUSEHOLD_2_326,0.053616843106400316,HOUSEHOLD
2859,HOUSEHOLD_2_327,1.2975281020975171,HOUSEHOLD
2860,HOUSEHOLD_2_328,0.14155761414109932,HOUSEHOLD
2861,HOUSEHOLD_2_329,0.027355256417307725,HOUSEHOLD
2862,HOUSEHOLD_2_330,2.367647225080655,HOUSEHOLD
2863,HOUSEHOLD_2_331,0.4983076389513919,HOUSEHOLD
2864,HOUSEHOLD_2_332,0.06477016168909668,HOUSEHOLD
2865,HOUSEHOLD_2_333,0.46581547879062724,HOUSEHOLD
2866,HOUSEHOLD_2_334,1.309972258343584,HOUSEHOLD
2867,HOUSEHOLD_2_335,2.719474550738018,HOUSEHOLD
2868,HOUSEHOLD_2_336,0.16972852768420768,HOUSEHOLD
2869,HOUSEHOLD_2_337,0.13404010716335413,HOUSEHOLD
2870,HOUSEHOLD_2_338,0.43207609364424815,HOUSEHOLD
2871,HOUSEHOLD_2_339,0.07897216127651788,HOUSEHOLD
2872,HOUSEHOLD_2_340,0.04737452394264463,HOUSEHOLD
2873,HOUSEHOLD_2_341,0.5631583521300277,HOUSEHOLD
2874,HOUSEHOLD_2_342,1.6084774957997245,HOUSEHOLD
2875,HOUSEHOLD_2_343,0.03505249069516044,HOUSEHOLD
2876,HOUSEHOLD_2_344,0.08638694597152734,HOUSEHOLD
2877,HOUSEHOLD_2_345,12.18761831227498,HOUSEHOLD
2878,HOUSEHOLD_2_346,0.07119460892103098,HOUSEHOLD
2879,HOUSEHOLD_2_347,5.270896175245928,HOUSEHOLD
2880,HOUSEHOLD_2_348,3.6902626506991503,HOUSEHOLD
2881,HOUSEHOLD_2_349,5.1196042070858025,HOUSEHOLD
2882,HOUSEHOLD_2_350,0.909259095809533,HOUSEHOLD
2883,HOUSEHOLD_2_351,0.053351054052259025,HOUSEHOLD
2884,HOUSEHOLD_2_352,2.2055823688578933,HOUSEHOLD
2885,HOUSEHOLD_2_353,0.08130082998966406,HOUSEHOLD
2886,HOUSEHOLD_2_354,0.33302800368837976,HOUSEHOLD
2887,HOUSEHOLD_2_355,4.790297248529904,HOUSEHOLD
2888,HOUSEHOLD_2_356,0.08450659968518578,HOUSEHOLD
2889,HOUSEHOLD_2_357,0.06330636502325233,HOUSEHOLD
2890,HOUSEHOLD_2_358,0.045280131755324415,HOUSEHOLD
2891,HOUSEHOLD_2_359,4.397771407981988,HOUSEHOLD
2892,HOUSEHOLD_2_360,2.8700708417218546,HOUSEHOLD
2893,HOUSEHOLD_2_361,0.06705612433346712,HOUSEHOLD
2894,HOUSEHOLD_2_362,0.03572733042679744,HOUSEHOLD
2895,HOUSEHOLD_2_363,10.340186416350903,HOUSEHOLD
2896,HOUSEHOLD_2_364,0.11859281223100869,HOUSEHOLD
2897,HOUSEHOLD_2_365,2.1857327861794444,HOUSEHOLD
2898,HOUSEHOLD_2_366,4.88718724446291,HOUSEHOLD
2899,HOUSEHOLD_2_367,0.5941640987292781,HOUSEHOLD
2900,HOUSEHOLD_2_368,0.08270673718128482,HOUSEHOLD
2901,HOUSEHOLD_2_369,0.056905318324270315,HOUSEHOLD
2902,HOUSEHOLD_2_370,2.5397708644217625,HOUSEHOLD
2903,HOUSEHOLD_2_371,0.7005256847982593,HOUSEHOLD
2904,HOUSEHOLD_2_372,0.0700491920405507,HOUSEHOLD
2905,HOUSEHOLD_2_373,6.686595490146059,HOUSEHOLD
2906,HOUSEHOLD_2_374,0.6801210712478497,HOUSEHOLD
2907,HOUSEHOLD_2_375,0.12379915496755253,HOUSEHOLD
2908,HOUSEHOLD_2_376,2.1410575659330546,HOUSEHOLD
2909,HOUSEHOLD_2_377,0.05111133416975966,HOUSEHOLD
2910,HOUSEHOLD_2_378,5.799197440298002,HOUSEHOLD
2911,HOUSEHOLD_2_379,0.08517479541809163,HOUSEHOLD
2912,HOUSEHOLD_2_380,2.564613311973892,HOUSEHOLD
2913,HOUSEHOLD_2_381,0.05729180110353875,HOUSEHOLD
2914,HOUSEHOLD_2_382,3.6152517848455163,HOUSEHOLD
2915,HOUSEHOLD_2_383,0.9965079737385063,HOUSEHOLD
2916,HOUSEHOLD_2_384,0.05170049551270199,HOUSEHOLD
2917,HOUSEHOLD_2_385,3.0145457639682087,HOUSEHOLD
2918,HOUSEHOLD_2_386,4.056736035037914,HOUSEHOLD
2919,HOUSEHOLD_2_387,0.1547063042668155,HOUSEHOLD
2920,HOUSEHOLD_2_388,1.0304480835659833,HOUSEHOLD
2921,HOUSEHOLD_2_389,0.9518967170597417,HOUSEHOLD
2922,HOUSEHOLD_2_390,0.07028550519348668,HOUSEHOLD
2923,HOUSEHOLD_2_391,11.208189327377315,HOUSEHOLD
2924,HOUSEHOLD_2_392,0.6203581951395879,HOUSEHOLD
2925,HOUSEHOLD_2_393,4.249767958545022,HOUSEHOLD
2926,HOUSEHOLD_2_394,0.06935563805998149,HOUSEHOLD
2927,HOUSEHOLD_2_395,0.25954738240153247,HOUSEHOLD
2928,HOUSEHOLD_2_396,0.24533239956645375,HOUSEHOLD
2929,HOUSEHOLD_2_397,0.05990006688284291,HOUSEHOLD
2930,HOUSEHOLD_2_398,3.2261907073731892,HOUSEHOLD
2931,HOUSEHOLD_2_399,0.09959258152126263,HOUSEHOLD
2932,HOUSEHOLD_2_400,4.075045885657655,HOUSEHOLD
2933,HOUSEHOLD_2_401,10.957168621469254,HOUSEHOLD
2934,HOUSEHOLD_2_402,7.044773107151935,HOUSEHOLD
2935,HOUSEHOLD_2_403,0.07846976016222947,HOUSEHOLD
2936,HOUSEHOLD_2_404,0.04117534844494642,HOUSEHOLD
2937,HOUSEHOLD_2_405,0.04664480787692284,HOUSEHOLD
2938,HOUSEHOLD_2_406,18.483778954751998,HOUSEHOLD
2939,HOUSEHOLD_2_407,3.643832532150025,HOUSEHOLD
2940,HOUSEHOLD_2_408,6.821885122529373,HOUSEHOLD
2941,HOUSEHOLD_2_409,0.0743526128459246,HOUSEHOLD
2942,HOUSEHOLD_2_410,0.0360096554770445,HOUSEHOLD
2943,HOUSEHOLD_2_411,8.119142662343071,HOUSEHOLD
2944,HOUSEHOLD_2_412,0.6308375685547111,HOUSEHOLD
2945,HOUSEHOLD_2_413,2.5346861865956463,HOUSEHOLD
2946,HOUSEHOLD_2_414,0.04850246729024064,HOUSEHOLD
2947,HOUSEHOLD_2_415,0.021914130887356296,HOUSEHOLD
2948,HOUSEHOLD_2_416,0.035988197937887725,HOUSEHOLD
2949,HOUSEHOLD_2_417,2.5664610789659283,HOUSEHOLD
2950,HOUSEHOLD_2_418,4.358539678217759,HOUSEHOLD
2951,HOUSEHOLD_2_419,4.871963397869883,HOUSEHOLD
2952,HOUSEHOLD_2_420,0.04843722711825408,HOUSEHOLD
2953,HOUSEHOLD_2_421,12.56872859891251,HOUSEHOLD
2954,HOUSEHOLD_2_422,0.06416908784639898,HOUSEHOLD
2955,HOUSEHOLD_2_423,0.03464210113929372,HOUSEHOLD
2956,HOUSEHOLD_2_424,0.6436157623039195,HOUSEHOLD
2957,HOUSEHOLD_2_425,0.20876592616562484,HOUSEHOLD
2958,HOUSEHOLD_2_426,4.441641578748157,HOUSEHOLD
2959,HOUSEHOLD_2_427,0.038849093581731546,HOUSEHOLD
2960,HOUSEHOLD_2_428,0.06776921769101904,HOUSEHOLD
2961,HOUSEHOLD_2_429,0.10236612092306423,HOUSEHOLD
2962,HOUSEHOLD_2_430,0.052231913763290685,HOUSEHOLD
2963,HOUSEHOLD_2_431,4.132721721694989,HOUSEHOLD
2964,HOUSEHOLD_2_432,10.443606456784032,HOUSEHOLD
2965,HOUSEHOLD_2_433,0.4555933848626626,HOUSEHOLD
2966,HOUSEHOLD_2_434,0.22327350815267938,HOUSEHOLD
2967,HOUSEHOLD_2_435,1.823512934185313,HOUSEHOLD
2968,HOUSEHOLD_2_436,0.019657602541953062,HOUSEHOLD
2969,HOUSEHOLD_2_437,6.67833193905766,HOUSEHOLD
2970,HOUSEHOLD_2_438,0.1231090388430017,HOUSEHOLD
2971,HOUSEHOLD_2_439,0.26196899155642084,HOUSEHOLD
2972,HOUSEHOLD_2_440,0.46695775107597254,HOUSEHOLD
2973,HOUSEHOLD_2_441,2.0746551847871735,HOUSEHOLD
2974,HOUSEHOLD_2_442,0.03224808627756681,HOUSEHOLD
2975,HOUSEHOLD_2_443,0.0720239818660504,HOUSEHOLD
2976,HOUSEHOLD_2_444,0.06322513132553147,HOUSEHOLD
2977,HOUSEHOLD_2_445,0.05466537126055537,HOUSEHOLD
2978,HOUSEHOLD_2_446,0.22163188340991252,HOUSEHOLD
2979,HOUSEHOLD_2_447,5.1444257465544245,HOUSEHOLD
2980,HOUSEHOLD_2_448,7.648225467297549,HOUSEHOLD
2981,HOUSEHOLD_2_449,0.08899580640513542,HOUSEHOLD
2982,HOUSEHOLD_2_450,13.828182414095895,HOUSEHOLD
2983,HOUSEHOLD_2_451,6.174708308821614,HOUSEHOLD
2984,HOUSEHOLD_2_452,3.3732447428906007,HOUSEHOLD
2985,HOUSEHOLD_2_453,0.11087407170909382,HOUSEHOLD
2986,HOUSEHOLD_2_454,0.08180532360968719,HOUSEHOLD
2987,HOUSEHOLD_2_455,0.06531103512025087,HOUSEHOLD
2988,HOUSEHOLD_2_456,0.08908867249732384,HOUSEHOLD
2989,HOUSEHOLD_2_457,4.536618764486917,HOUSEHOLD
2990,HOUSEHOLD_2_458,0.03401983695617891,HOUSEHOLD
2991,HOUSEHOLD_2_459,0.20517218109981358,HOUSEHOLD
2992,HOUSEHOLD_2_460,0.1896696535674243,HOUSEHOLD
2993,HOUSEHOLD_2_461,0.09472892432927704,HOUSEHOLD
2994,HOUSEHOLD_2_462,0.12316268602228501,HOUSEHOLD
2995,HOUSEHOLD_2_463,2.6354593399192243,HOUSEHOLD
2996,HOUSEHOLD_2_464,0.028223611275770003,HOUSEHOLD
2997,HOUSEHOLD_2_465,7.613549418121905,HOUSEHOLD
2998,HOUSEHOLD_2_466,0.8981396390920471,HOUSEHOLD
2999,HOUSEHOLD_2_467,3.1682230452742433,HOUSEHOLD
3000,HOUSEHOLD_2_468,0.07098912838398395,HOUSEHOLD
3001,HOUSEHOLD_2_469,1.1232656602280002,HOUSEHOLD
3002,HOUSEHOLD_2_470,2.205180231343574,HOUSEHOLD
3003,HOUSEHOLD_2_471,0.04204334962613341,HOUSEHOLD
3004,HOUSEHOLD_2_472,1.5461701831129582,HOUSEHOLD
3005,HOUSEHOLD_2_473,0.10311358805173201,HOUSEHOLD
3006,HOUSEHOLD_2_474,3.7259554149661676,HOUSEHOLD
3007,HOUSEHOLD_2_475,2.2684239494812344,HOUSEHOLD
3008,HOUSEHOLD_2_476,1.4641086145205036,HOUSEHOLD
3009,HOUSEHOLD_2_477,0.08236656119458946,HOUSEHOLD
3010,HOUSEHOLD_2_478,0.045597886515983975,HOUSEHOLD
3011,HOUSEHOLD_2_479,0.060391279149804356,HOUSEHOLD
3012,HOUSEHOLD_2_480,4.478115897909353,HOUSEHOLD
3013,HOUSEHOLD_2_481,0.06703552989533895,HOUSEHOLD
3014,HOUSEHOLD_2_482,1.7289815420723726,HOUSEHOLD
3015,HOUSEHOLD_2_483,6.260243549437821,HOUSEHOLD
3016,HOUSEHOLD_2_484,1.4040411937163624,HOUSEHOLD
3017,HOUSEHOLD_2_485,5.303839059037362,HOUSEHOLD
3018,HOUSEHOLD_2_486,3.081323889528051,HOUSEHOLD
3019,HOUSEHOLD_2_487,0.15001034955031164,HOUSEHOLD
3020,HOUSEHOLD_2_488,1.9606754688616141,HOUSEHOLD
3021,HOUSEHOLD_2_489,0.12658687898390766,HOUSEHOLD
3022,HOUSEHOLD_2_490,0.08931694537885013,HOUSEHOLD
3023,HOUSEHOLD_2_491,0.0666386815019911,HOUSEHOLD
3024,HOUSEHOLD_2_492,2.873081651228793,HOUSEHOLD
3025,HOUSEHOLD_2_493,0.4889059631773604,HOUSEHOLD
3026,HOUSEHOLD_2_494,4.341742215126438,HOUSEHOLD
3027,HOUSEHOLD_2_495,0.07848943447258724,HOUSEHOLD
3028,HOUSEHOLD_2_496,0.12035311144350941,HOUSEHOLD
3029,HOUSEHOLD_2_497,0.060582055730088756,HOUSEHOLD
3030,HOUSEHOLD_2_498,3.170119472729288,HOUSEHOLD
3031,HOUSEHOLD_2_499,6.554453083581986,HOUSEHOLD
3032,HOUSEHOLD_2_500,0.45792746856663796,HOUSEHOLD
3033,HOUSEHOLD_2_501,2.4464146093061054,HOUSEHOLD
3034,HOUSEHOLD_2_502,0.5425687903390961,HOUSEHOLD
3035,HOUSEHOLD_2_503,0.06047482275331305,HOUSEHOLD
3036,HOUSEHOLD_2_504,0.019132526589635303,HOUSEHOLD
3037,HOUSEHOLD_2_505,1.377557710209461,HOUSEHOLD
3038,HOUSEHOLD_2_506,6.208316873636519,HOUSEHOLD
3039,HOUSEHOLD_2_507,0.05731872090086718,HOUSEHOLD
3040,HOUSEHOLD_2_508,0.14439108656460625,HOUSEHOLD
3041,HOUSEHOLD_2_509,1.731286310930018,HOUSEHOLD
3042,HOUSEHOLD_2_510,4.656913293339121,HOUSEHOLD
3043,HOUSEHOLD_2_511,0.02996631398022781,HOUSEHOLD
3044,HOUSEHOLD_2_512,6.282257252907259,HOUSEHOLD
3045,HOUSEHOLD_2_513,0.03190983543008765,HOUSEHOLD
3046,HOUSEHOLD_2_514,4.925133394235946,HOUSEHOLD
3047,HOUSEHOLD_2_515,0.018641173106075198,HOUSEHOLD
3048,HOUSEHOLD_2_516,2.553321413095887,HOUSEHOLD
